organization,domain,country,tier,type,relevance,audience,credibility,contactability,asset_fit,link_opportunity,score_100,contact_name,role,email,email_source,contact_form,recent_content,proposed_angle,proposed_asset,target_url,status,last_action,next_action,live_coverage,live_backlink
PLANETE CSCA,planetecsca.fr,FR,1,syndicat patronal du courtage,30,20,20,8,9,8,95,presse / communication,equipe communication,,page contact du site,oui,"« Le courtage d'assurances, le courage d'assurer – Jean-François Cousin » (11/09/2026)",voir 12_PR_ANGLES.md,/etudes/courtage-assurance-france-2026,https://courtiark.fr,READY_FOR_SEND,verifie le 26/09/2026 (HTTP),envoyer apres autorisation,non,non
Sycra,sycra.fr,FR,1,syndicat de courtiers,30,18,18,8,8,8,90,secretariat,secretariat du syndicat,,page contact du site,oui,« Le Mot du Président – Août 2026 » et le MagaSYne d'ete sur la conformite,voir 12_PR_ANGLES.md,/etudes/courtage-assurance-france-2026,https://courtiark.fr,READY_FOR_SEND,verifie le 26/09/2026 (HTTP),envoyer apres autorisation,non,non
La Tribune de l Assurance,tribune-assurance.optionfinance.fr,FR,1,presse professionnelle,28,19,20,6,8,8,89,redaction,redaction,,page contact du media,oui,"« Quand l'IA comble le fosse entre gestionnaires et sinistres » et « Sans une modernisation des fondations Tech, l'IA ne pourra pas se deployer en assurance »",voir 12_PR_ANGLES.md,/etudes/courtage-assurance-france-2026,https://courtiark.fr,READY_FOR_SEND,verifie le 26/09/2026 (HTTP),envoyer apres autorisation,non,non
News Assurances Pro,newsassurancespro.com,FR,1,presse professionnelle,28,19,20,6,8,7,88,redaction,redaction,,site refuse les robots : contact a recuperer dans un navigateur,oui,media dedie au secteur de l assurance (verifie en ligne),voir 12_PR_ANGLES.md,/etudes/courtage-assurance-france-2026,https://courtiark.fr,READY_FOR_SEND,verifie le 26/09/2026 (HTTP),envoyer apres autorisation,non,non
Courtage Magazine,courtage-magazine.fr,FR,2,presse specialisee courtage,28,18,17,8,10,9,90,Laurent Lemonnier,gerant,bienvenue@isoluce.net,mentions legales du site,oui,"« Migration CRM courtier : la checklist de reprise des dossiers » et « Connecter comparateur, CRM et ... »",voir 12_PR_ANGLES.md,/etudes/courtage-assurance-france-2026,https://courtiark.fr,READY_FOR_SEND,verifie le 26/09/2026 (HTTP),envoyer apres autorisation,non,non
ACA — Association des Courtiers en Assurances,aca-courtiers.ch,CH,1,association professionnelle suisse,30,20,18,8,9,8,93,secretariat,secretariat,secretariat@aca-courtiers.ch,lien mailto publie sur le site,oui,"association faîtiere des courtiers suisses, rubrique avantages membres",voir 12_PR_ANGLES.md,/etudes/courtage-assurance-france-2026,https://courtiark.fr,READY_FOR_SEND,verifie le 26/09/2026 (HTTP),envoyer apres autorisation,non,non
The Broker News,thebrokernews.ch,CH,2,magazine suisse assurance et courtage,28,18,18,6,9,8,87,redaction,redaction,,page contact du media,oui,"magazine en ligne independant : actualites quotidiennes, analyses, interviews pratiques, InsurTech",voir 12_PR_ANGLES.md,/etudes/courtage-assurance-france-2026,https://courtiark.fr,READY_FOR_SEND,verifie le 26/09/2026 (HTTP),envoyer apres autorisation,non,non
Digital et Assurance,digital-et-assurance.com,FR,2,media digitalisation assurance,28,17,17,7,9,8,86,Alexandre Pengloan,editeur,alexandre.pengloan@gmail.com,lien mailto publie sur le site,oui,analyses sur la digitalisation et interviews de dirigeants (verifie en ligne),voir 12_PR_ANGLES.md,/etudes/courtage-assurance-france-2026,https://courtiark.fr,READY_FOR_SEND,verifie le 26/09/2026 (HTTP),envoyer apres autorisation,non,non
CNCEF Assurance,cncef.org,FR,2,association professionnelle,26,17,17,6,8,6,80,secretariat,secretariat,,page contact du site,oui,association professionnelle assurance (page CNCEF Assurance),voir 12_PR_ANGLES.md,/etudes/courtage-assurance-france-2026,https://courtiark.fr,READY_FOR_SEND,verifie le 26/09/2026 (HTTP),envoyer apres autorisation,non,non
CSCA — Chambre Syndicale des Courtiers d Assurances,adppc.fr,FR,2,syndicat,28,18,17,6,8,6,83,secretariat,secretariat,,page contact du site,oui,presentation des courtiers d assurance en pret immobilier,voir 12_PR_ANGLES.md,/etudes/courtage-assurance-france-2026,https://courtiark.fr,READY_FOR_SEND,verifie le 26/09/2026 (HTTP),envoyer apres autorisation,non,non
AsCourtage,ascourtage.fr,FR,3,media et annuaire du courtage,24,16,13,5,8,6,72,equipe,equipe editoriale,,formulaire du site (aucun email public),oui,espace presse et contenus pratiques pour courtiers (verifie en ligne),voir 12_PR_ANGLES.md,/etudes/courtage-assurance-france-2026,https://courtiark.fr,READY_FOR_SEND,verifie le 26/09/2026 (HTTP),envoyer apres autorisation,non,non
Orica,orica.fr,FR,2,organisme de formation courtage,24,15,16,7,9,5,76,equipe,equipe pedagogique,contact@orica.fr,page nous contacter,oui,formations courtage et organisation du cabinet,voir 12_PR_ANGLES.md,/etudes/courtage-assurance-france-2026,https://courtiark.fr,READY_FOR_SEND,verifie le 26/09/2026 (HTTP),envoyer apres autorisation,non,non
Finc Up,fincup.fr,FR,3,formation courtier en ligne,22,14,15,6,8,5,70,equipe,equipe,,page contact du site,oui,formation IAS et parcours courtier en assurances,voir 12_PR_ANGLES.md,/etudes/courtage-assurance-france-2026,https://courtiark.fr,READY_FOR_SEND,verifie le 26/09/2026 (HTTP),envoyer apres autorisation,non,non
Actif Formation,actif-formation.fr,FR,3,organisme de formation assurance,22,13,14,6,7,5,67,equipe,equipe,,page contact du site,oui,parcours debutant et professionnel courtier,voir 12_PR_ANGLES.md,/etudes/courtage-assurance-france-2026,https://courtiark.fr,READY_FOR_SEND,verifie le 26/09/2026 (HTTP),envoyer apres autorisation,non,non
Formera,formera.fr,FR,3,formation habilitation ORIAS,22,13,14,6,7,6,68,equipe,equipe,,page contact du site,oui,formation courtier assurance habilitation IAS / ORIAS,voir 12_PR_ANGLES.md,/etudes/courtage-assurance-france-2026,https://courtiark.fr,READY_FOR_SEND,verifie le 26/09/2026 (HTTP),envoyer apres autorisation,non,non
Assurance en coulisses (podcast),antoinegandois.fr,FR,2,podcast assurance,26,16,17,7,10,7,83,Antoine Gandois,animateur,,page du podcast,oui,podcast metier : entretiens avec des acteurs de l assurance,voir 12_PR_ANGLES.md,/etudes/courtage-assurance-france-2026,https://courtiark.fr,READY_FOR_SEND,verifie le 26/09/2026 (HTTP),envoyer apres autorisation,non,non
Sothura,sothura.com,CH,3,"courtier suisse, contenus pour courtiers",22,14,14,5,7,5,67,equipe,equipe,,page contact du site,oui,espace de connaissances destine aux courtiers suisses,voir 12_PR_ANGLES.md,/etudes/courtage-assurance-france-2026,https://courtiark.fr,READY_FOR_SEND,verifie le 26/09/2026 (HTTP),envoyer apres autorisation,non,non
Capterra,capterra.com,INT,3,annuaire logiciel,20,14,18,4,10,10,76,,,,inscription annuaire (verification par email),non,categorie Insurance CRM Software,voir 12_PR_ANGLES.md,/etudes/courtage-assurance-france-2026,https://courtiark.fr,READY_FOR_SEND,verifie le 26/09/2026 (HTTP),envoyer apres autorisation,non,non
GetApp,getapp.com,INT,3,annuaire logiciel,20,13,17,4,10,10,74,,,,inscription annuaire,non,annuaire logiciel (groupe Gartner),voir 12_PR_ANGLES.md,/etudes/courtage-assurance-france-2026,https://courtiark.fr,READY_FOR_SEND,verifie le 26/09/2026 (HTTP),envoyer apres autorisation,non,non
G2,g2.com,INT,3,annuaire logiciel,20,13,19,4,10,10,76,,,,inscription annuaire,non,plateforme d avis logiciel,voir 12_PR_ANGLES.md,/etudes/courtage-assurance-france-2026,https://courtiark.fr,READY_FOR_SEND,verifie le 26/09/2026 (HTTP),envoyer apres autorisation,non,non
Appvizer,appvizer.fr,FR,3,annuaire logiciel francais,22,14,15,5,9,9,74,,,,inscription annuaire,non,annuaire francais de logiciels,voir 12_PR_ANGLES.md,/etudes/courtage-assurance-france-2026,https://courtiark.fr,READY_FOR_SEND,verifie le 26/09/2026 (HTTP),envoyer apres autorisation,non,non
Trustpilot,trustpilot.com,INT,3,avis,18,13,17,4,8,8,68,,,,inscription plateforme,non,"plateforme d avis (aucun avis interne, voir regle)",voir 12_PR_ANGLES.md,/etudes/courtage-assurance-france-2026,https://courtiark.fr,READY_FOR_SEND,verifie le 26/09/2026 (HTTP),envoyer apres autorisation,non,non
