target,contact,email,angle,asset,subject,message,followup1,followup2,status,sent_date,reply_date,coverage,backlink,contenu_cite_verifie
Planete CSCA,planetecsca.fr,(formulaire du site),Le syndicat parle du metier : nous apportons la carte du terrain,/etudes/courtage-assurance-france-2026,"Une cartographie du courtage francais, chiffrée ville par ville","Bonjour,

Votre interview du 11 septembre (« Le courtage d'assurances, le courage d'assurer ») insistait sur la realite concrete du metier. Nous venons de terminer un travail qui la mesure : la repartition des entreprises de courtage en France, calculee sur la base SIRENE (43 240 entreprises, code 66.22Z), avec la methode et les limites ecrites noir sur blanc.

C'est utile pour vos adhérents et pour vos positions publiques : la carte est ici (https://courtiark.fr/etudes/courtage-assurance-france-2026), le jeu de donnees agrege est telechargeable, et vous pouvez le reprendre en citant COURTIARK comme source du calcul.

Si cela vous parait utile pour une publication ou une note a vos adhérents, je vous fournis les chiffres par region et un commentaire de methode.

Bien cordialement,
Equipe COURTIARK","Bonjour, un mot court : la cartographie du courtage 2026 est disponible (https://courtiark.fr/etudes/courtage-assurance-france-2026). Si une exploitation par vos adhérents vous interesse, je prepare les chiffres par region. Equipe COURTIARK","Bonjour, dernier message de ma part sur ce sujet : les donnees restent disponibles et citees librement (source COURTIARK, calculs SIRENE du 18/09/2026). Bonne continuation. Equipe COURTIARK",READY_FOR_SEND,,,non,non,"« Le courtage d'assurances, le courage d'assurer » (interview de Jean-Francois Cousin, 11/09/2026)"
Courtage Magazine,courtage-magazine.fr,bienvenue@isoluce.net,Complement direct a leur checklist de migration,/guides/checklist-migration-crm-courtier (a produire) / outils,Votre checklist de migration CRM : le complement cote donnees,"Bonjour Laurent,

Votre checklist de reprise des dossiers lors d'une migration CRM est le genre de contenu qu'on garde. Nous avons construit le complement : un modele de reprise des donnees (clients, contrats, echeances, pieces) et un guide d'organisation en 25 points, directement utilisables en cabinet.

Si cela vous semble utile, je vous envoie les deux documents prets a publier, sans condition d'exclusivite ni contrepartie autre que la mention de la source.

Bien cordialement,
Equipe COURTIARK","Bonjour Laurent, je reviens brievement : les deux documents (reprise de donnees et guide 25 points) sont prets a vous etre transmis si le sujet vous interesse. Equipe COURTIARK","Bonjour Laurent, dernier message : les documents restent disponibles a tout moment, sans condition. Bonne continuation. Equipe COURTIARK",READY_FOR_SEND,,,non,non,« Migration CRM courtier : la checklist de reprise des dossiers »
La Tribune de l Assurance,tribune-assurance.optionfinance.fr,(formulaire du site),IA en assurance : ce qui est automatisable sans decider a la place du courtier,/guides/ia-courtier-assurance (a produire) / fonctionnalites/assistant-ark,IA en assurance : le partage concret entre automatisation et decision,"Bonjour,

Vos articles sur l'IA en assurance posent la bonne question : ce qui est automatisable et ce qui doit rester decide par un humain. Nous documentons la meme frontiere cote outil de courtage : lecture d'une piece et proposition de valeurs avec origine, validation obligatoire avant ecriture, journal des actions conserve.

Je peux vous fournir une lecture structuree de ce que fait reellement un assistant metier (avec les limites : aucune decision de garantie, aucun envoi automatique au client) si cela sert un dossier a venir.

Bien cordialement,
Equipe COURTIARK","Bonjour, court rappel : je peux detailler les frontieres reelles de l'IA en gestion de courtage (ce qui est automatise, ce qui est valide par un humain, ce qui est trace) pour un de vos dossiers. Equipe COURTIARK","Bonjour, dernier message sur ce point ; la documentation reste disponible sur demande. Bonne continuation. Equipe COURTIARK",READY_FOR_SEND,,,non,non,« Quand l'IA comble le fosse entre gestionnaires et sinistres » et le dossier sur les fondations Tech de l'IA en assurance
Sycra,sycra.fr,(formulaire du site),Outils concrets pour la conformite quotidienne d'un cabinet,/outils/checklist-dossier-courtier-assurance,Deux checklists pour la conformite au quotidien de vos adherents,"Bonjour,

Votre MagaSYne d'ete parlait de conformite sans vacances : nous avons construit deux checklists operationnelles, une pour le dossier client et une pour les renouvellements, utilisables gratuitement et sans compte. Elles suivent la logique du dossier de devoir de conseil : pieces, dates, verifications.

Si cela vous parait utile a diffuser a vos adherents, je vous transmets les documents avec la mention de source.

Bien cordialement,
Equipe COURTIARK","Bonjour, un mot : les deux checklists (dossier client, renouvellements) restent disponibles pour vos adherents, sans compte ni formulaire. Equipe COURTIARK","Bonjour, dernier message : les checklists restent accessibles et reutilisables. Bonne continuation. Equipe COURTIARK",READY_FOR_SEND,,,non,non,« Le Mot du President » aout 2026 et le MagaSYne d'ete sur la conformite
The Broker News,thebrokernews.ch,(formulaire du site),"France / Suisse : deux environnements, un meme besoin de tracabilite",/suisse + /conformite/ipid-document-information,"Courtage en Suisse romande : tracabilite et documents, vue comparee France/Suisse","Bonjour,

Vous couvrez le courtage suisse au quotidien. Une remarque qui pourrait interesser vos lecteurs : dans les deux pays, la difference de regime (DDA/ACPR cote francais, LSA et surveillance FINMA cote suisse) ne change pas la question operationnelle — retrouver la trace d'un conseil et la piece remise au client, des annees plus tard.

Nous documentons cette frontiere, avec les sources officielles citees. Si un angle compare vous interesse, je peux fournir un texte court et source.

Bien cordialement,
Equipe COURTIARK","Bonjour, court rappel : un comparatif France/Suisse sur la tracabilite des dossiers reste disponible si vous cherchez un angle. Equipe COURTIARK","Bonjour, dernier message sur ce sujet. Bonne continuation. Equipe COURTIARK",READY_FOR_SEND,,,non,non,"magazine suisse independant : actualites quotidiennes, analyses et interviews InsurTech"
ACA Suisse,aca-courtiers.ch,secretariat@aca-courtiers.ch,Outil gratuit pour les membres,/outils/checklist-renouvellement-assurance,Un outil gratuit a proposer a vos membres,"Bonjour,

Vous proposez des ressources pratiques a vos membres courtiers. Nous avons construit un outil gratuit, sans compte : une checklist de renouvellement (16 points) et un calculateur de charge administrative, utilisables en cabinet comme en formation. Rien n'est transmis a un serveur, aucune donnee n'est demandee.

Si cela entre dans votre rubrique avantages membres, je vous fournis les liens et une courte presentation.

Bien cordialement,
Equipe COURTIARK","Bonjour, un mot : l'outil de renouvellement reste en ligne et libre d'acces pour vos membres. Equipe COURTIARK","Bonjour, dernier message : les ressources restent disponibles. Bonne continuation. Equipe COURTIARK",READY_FOR_SEND,,,non,non,rubrique avantages membres et services aux courtiers associes
Digital et Assurance,digital-et-assurance.com,alexandre.pengloan@gmail.com,"Ce qu'un cabinet courtier automatise en premier, et ce qu'il continue de faire a la main",/guides/automatiser-renouvellements-assurance,Temoignage de terrain : ce qui s'automatise vraiment dans un cabinet,"Bonjour Alexandre,

Vos interviews de dirigeants montrent souvent le meme point de bascule entre intention et mise en oeuvre. Nous pouvons apporter la partie concrete : ce qui a ete automatise dans un cabinet, ce qui a ete abandonne, et ce qui reste manuel parce que ca doit le rester (decisions de garantie, envoi au client).

Si cela sert un article ou une interview, je vous fournis le detail operationnel et les limites, sans chiffres inventes.

Bien cordialement,
Equipe COURTIARK","Bonjour Alexandre, court rappel : le detail operationnel (ce qui s'automatise, ce qui reste manuel) est disponible si vous cherchez un angle. Equipe COURTIARK","Bonjour Alexandre, dernier message de ma part sur ce sujet. Bonne continuation. Equipe COURTIARK",READY_FOR_SEND,,,non,non,analyses sur la digitalisation et interviews de dirigeants de l'assurance
CNCEF Assurance,cncef.org,(formulaire du site),Checklists et outils pour les adherents,/outils,Checklists professionnelles a disposition de vos adherents,"Bonjour,

Nous mettons a disposition des outils de travail pour cabinets de courtage : checklist de dossier client (27 points), checklist de renouvellement (16 points), calculateurs de temps et de taux de transformation. Tout est gratuit, sans compte, et utilisable en formation.

Si cela peut servir vos adherents, je vous transmets les liens et une presentation courte, avec la mention de source.

Bien cordialement,
Equipe COURTIARK","Bonjour, un mot : les outils restent accessibles pour vos adherents, sans inscription. Equipe COURTIARK","Bonjour, dernier message : les ressources restent disponibles. Bonne continuation. Equipe COURTIARK",READY_FOR_SEND,,,non,non,"association professionnelle, accompagnement et formation des intermediaires"
CSCA (adppc),adppc.fr,(formulaire du site),Le suivi des dossiers en assurance emprunteur,/assurances + /fonctionnalites/renouvellements-assurance,Suivi des dossiers et echeances en assurance emprunteur,"Bonjour,

Le courtage en assurance de pret immobilier vit sur des echeances longues (10, 20 ans) et sur la tracabilite du conseil donne. C'est exactement le genre de suivi qu'un tableur rate au bout de quelques centaines de dossiers. Nous documentons la partie operationnelle : contenu des guides et des checklists, sans discours commercial.

Si un article sur la gestion des echeances vous interesse, je peux fournir un texte court et source.

Bien cordialement,
Equipe COURTIARK","Bonjour, court rappel : le texte sur la gestion des echeances longues est disponible si utile. Equipe COURTIARK","Bonjour, dernier message sur ce sujet. Bonne continuation. Equipe COURTIARK",READY_FOR_SEND,,,non,non,presentation du courtage en assurance de pret immobilier
AsCourtage,ascourtage.fr,(formulaire du site),Calculateur citable pour leur audience,/outils/calculateur-taux-transformation-assurance,Un calculateur de taux de transformation pour vos lecteurs,"Bonjour,

Vos lecteurs sont des courtiers qui suivent leurs taux de conversion. Nous avons construit un calculateur public qui affiche la formule sur la page et n'estime aucun taux : le visiteur saisit ses chiffres, l'outil calcule, avec un exemple de recuperation explicitement annonce comme une hypothese.

Si cela vous parait utile, vous pouvez l'integrer ou le citer librement, avec la mention de source.

Bien cordialement,
Equipe COURTIARK","Bonjour, un mot : le calculateur reste public et citable si vous cherchez une ressource pour vos lecteurs. Equipe COURTIARK","Bonjour, dernier message : la ressource reste disponible. Bonne continuation. Equipe COURTIARK",READY_FOR_SEND,,,non,non,contenus pratiques et espace presse pour courtiers
Orica,orica.fr,contact@orica.fr,Support de seance pret a l'emploi,/outils/checklist-dossier-courtier-assurance,Support de travail pour vos modules d'organisation de cabinet,"Bonjour,

Vos modules portent sur l'organisation du cabinet. Nous avons deux checklists imprimables (dossier client et renouvellements) et un guide en 25 points qui peuvent servir de support de seance : les eleves repartent avec un document applicable le lundi.

Utilisation libre, y compris en formation, avec la mention de source si vous le diffusez.

Bien cordialement,
Equipe COURTIARK","Bonjour, court rappel : les supports restent disponibles pour vos sessions, sans condition. Equipe COURTIARK","Bonjour, dernier message : les documents restent accessibles. Bonne continuation. Equipe COURTIARK",READY_FOR_SEND,,,non,non,parcours de formation courtage et organisation du cabinet
Finc Up,fincup.fr,(formulaire du site),Outils pratiques pour les eleves en formation,/outils,Outils de cabinet pour vos eleves (gratuits),"Bonjour,

Vos parcours preparent des eleves a exercer comme courtier. Nous mettons a disposition des outils de cabinet gratuits (checklists, calculateurs) qui peuvent illustrer un module : voir concretement ce qu'est un dossier client bien tenu et une echeance suivie.

Utilisation libre en formation, avec mention de source si diffusion.

Bien cordialement,
Equipe COURTIARK","Bonjour, un mot : les outils restent disponibles pour vos sessions. Equipe COURTIARK","Bonjour, dernier message : les ressources restent accessibles. Bonne continuation. Equipe COURTIARK",READY_FOR_SEND,,,non,non,formation IAS et parcours pour devenir courtier en assurances
Actif Formation,actif-formation.fr,(formulaire du site),Cas pratiques pour les modules d'organisation,/outils/checklist-dossier-courtier-assurance,Cas pratiques gratuits pour vos modules courtier,"Bonjour,

Nous avons construit des cas pratiques simples pour les cabinets : checklist de dossier (27 points) et de renouvellement (16 points), directement utilisables en exercice de formation. Aucun compte, aucun formulaire, aucune donnee transmise.

Si cela sert vos modules, utilisez-les librement en citant la source.

Bien cordialement,
Equipe COURTIARK","Bonjour, court rappel : les cas pratiques restent disponibles sans condition. Equipe COURTIARK","Bonjour, dernier message : les documents restent accessibles. Bonne continuation. Equipe COURTIARK",READY_FOR_SEND,,,non,non,parcours courtier en assurance debutant et professionnel
Formera,formera.fr,(formulaire du site),Ce que fait un outil de gestion en cabinet,/logiciel-courtier-assurance,Ressource pedagogique : ce qu'un CRM de courtage fait vraiment,"Bonjour,

Vos formations couvrent l'habilitation et le metier. Une brique manque souvent : ce que fait concretement un outil de gestion de cabinet (dossier client, echeances, pieces, tracabilite du conseil). Notre page de reference sur le sujet est libre d'acces et peut servir de lecture preparatoire.

Si vous voulez un resume structure pour un module, je peux le fournir.

Bien cordialement,
Equipe COURTIARK","Bonjour, un mot : la ressource reste accessible pour vos modules, sans condition. Equipe COURTIARK","Bonjour, dernier message sur ce sujet. Bonne continuation. Equipe COURTIARK",READY_FOR_SEND,,,non,non,formation courtier en assurance et habilitation IAS / ORIAS
Assurance en coulisses,antoinegandois.fr,(formulaire du site),Sujet d'episode : la donnee publique du courtage francais,/etudes/courtage-assurance-france-2026,"Sujet d'episode : ou sont les courtiers, chiffres a l'appui","Bonjour Antoine,

Votre podcast fait parler des acteurs du secteur. Une idee d'episode, avec des chiffres verifiables : la repartition des entreprises de courtage en France (43 240 entreprises, base SIRENE), et ce que cela dit des marches locaux, de la concentration en Ile-de-France et des zones ou il n'y a presque personne.

Le jeu de donnees est public et vous pouvez l'exploiter en citant COURTIARK. Si le sujet vous tente, je prepare les chiffres par region.

Bien cordialement,
Equipe COURTIARK","Bonjour Antoine, court rappel : les chiffres par region sont prets si le sujet d'episode vous interesse. Equipe COURTIARK","Bonjour Antoine, dernier message de ma part : les donnees restent disponibles. Bonne continuation. Equipe COURTIARK",READY_FOR_SEND,,,non,non,podcast d'entretiens avec des acteurs de l'assurance
Sothura,sothura.com,(formulaire du site),Version suisse romande des outils,/suisse + /outils,"Ressources pour courtiers suisses (CHF, LSA)","Bonjour,

Vous publiez des contenus destines aux courtiers suisses. Nos ressources existent en version suisse romande (grille en CHF, references LSA et surveillance FINMA), avec les sources officielles citees. Les checklists sont utilisables telles quelles.

Si un echange de contenus utiles vous interesse, je vous transmets les liens.

Bien cordialement,
Equipe COURTIARK","Bonjour, un mot : les ressources suisses restent disponibles si utile pour vos lecteurs. Equipe COURTIARK","Bonjour, dernier message : les ressources restent accessibles. Bonne continuation. Equipe COURTIARK",READY_FOR_SEND,,,non,non,espace de connaissances destine aux courtiers suisses
Capterra,capterra.com,(formulaire du site),Fiche produit annuaire,fiche produit (description longue + 7 captures),Ajout de COURTIARK a la categorie Insurance CRM,"Bonjour,

Nous souhaitons referencer COURTIARK (CRM et cockpit pour courtiers en assurance, France et Suisse) dans votre categorie CRM assurance. Nous disposons de la description en francais et en anglais, des fonctionnalites reellement disponibles et de captures produit. Aucun avis interne ne sera publie : seuls de vrais utilisateurs pourront en deposer.

Merci de m'indiquer la procedure et les pieces attendues.

Bien cordialement,
Equipe COURTIARK","Bonjour, je relance ma demande de procedure pour ajouter COURTIARK a la categorie CRM assurance. Equipe COURTIARK","Bonjour, dernier message : je reste disponible si la procedure de referencement se fait a un autre guichet. Equipe COURTIARK",READY_FOR_SEND,,,non,non,categorie Insurance CRM Software
GetApp,getapp.com,(formulaire du site),Fiche produit annuaire,fiche produit,Referencement de COURTIARK (CRM courtage assurance),"Bonjour,

Nous souhaitons soumettre COURTIARK (CRM et cockpit pour courtiers en assurance) a votre annuaire, categorie CRM assurance. Nous fournissons la description, les fonctionnalites reelles et des captures produit ; nous ne sollicitons aucun avis interne.

Pouvez-vous m'indiquer la procedure ?

Bien cordialement,
Equipe COURTIARK","Bonjour, court rappel de ma demande de referencement. Equipe COURTIARK","Bonjour, dernier message : je reste disponible. Equipe COURTIARK",READY_FOR_SEND,,,non,non,annuaire logiciel (groupe Gartner)
G2,g2.com,(formulaire du site),Fiche produit annuaire,fiche produit,Fiche COURTIARK sur G2 (CRM assurance),"Bonjour,

Nous souhaitons creer la fiche COURTIARK (CRM pour courtiers en assurance) sur votre plateforme, sans aucun avis sollicite en interne. Pouvez-vous m'indiquer la procedure de creation et les elements attendus (description, captures, fonctionnalites) ?

Bien cordialement,
Equipe COURTIARK","Bonjour, je relance ma demande concernant la creation de la fiche COURTIARK. Equipe COURTIARK","Bonjour, dernier message : je reste joignable si la procedure est differente. Equipe COURTIARK",READY_FOR_SEND,,,non,non,plateforme d'avis logiciel
Appvizer,appvizer.fr,(formulaire du site),Fiche produit annuaire FR,fiche produit en francais,Ajout de COURTIARK a votre annuaire (CRM assurance),"Bonjour,

Nous souhaitons ajouter COURTIARK, CRM et cockpit pour courtiers en assurance, a votre annuaire. Nous avons une description en francais, les fonctionnalites reelles, des captures produit, et une demo publique accessible sans inscription.

Quelle est la procedure d'ajout et les criteres requis ?

Bien cordialement,
Equipe COURTIARK","Bonjour, court rappel de ma demande d'ajout a votre annuaire. Equipe COURTIARK","Bonjour, dernier message : je reste disponible. Equipe COURTIARK",READY_FOR_SEND,,,non,non,annuaire francais de logiciels
