domaine,type,audience,angle,asset_courtia,acces_public,priorite,statut,contact_engage
babyloneconsulting.fr,consultant,cabinets,ressources gratuites,checklists,https://www.babyloneconsulting.fr/,3,cible,non — aucune démarche sans autorisation
cabinetjulien.com,consultant,cabinets d'assurance,ressources gratuites,checklists + glossaire,https://www.cabinetjulien.com/,3,cible,non — aucune démarche sans autorisation
conseil.onlynnov.com,consultant,cabinets,ressources gratuites,checklists,https://conseil.onlynnov.com/,3,cible,non — aucune démarche sans autorisation
courtier.sollyazar.com,initiative courtier,courtiers,ressources utiles,checklists,https://courtier.sollyazar.com/taxonomy/term/308,3,cible,non — aucune démarche sans autorisation
planetecscarh.fr,association professionnelle,courtiers et RH assurance,ressources de méthode,processus + glossaire,https://planetecscarh.fr/qui-sommes-nous,3,cible,non — aucune démarche sans autorisation
smabtp.fr,acteur assurance construction,professionnels construction,contenus de branche,page décennale,https://www.smabtp.fr/sma/assurance/actualite/smabtp-vous-donne-rendez-vous-au-salon-h-expo-a-bordeaux-2026,3,veille,non — aucune démarche sans autorisation
swissriskcare.ch,acteur assurance suisse,professionnels suisses,contenus sur le suivi des sinistres et la traçabilité,processus sinistre (FR/CH),https://www.swissriskcare.ch/,3,cible,non — aucune démarche sans autorisation
agence-api.ouest-france.fr,agence de presse régionale,grand public régional,données locales par département (source SIRENE),cartographie par région et département,https://agence-api.ouest-france.fr/banques-finance/assurance/assurance-media-courtage-lance-sur-une-forte-croissance-sur-un-marche-tres-concurrentiel-2e3a39ab-8fac-4ff9-a81a-499faa25c894,2,cible,non — aucune démarche sans autorisation
antoinegandois.fr,podcast courtage,courtiers et candidats,"épisode sur l'organisation d'un cabinet, apporté par la méthode et non par le produit",protocole de mesure + processus,https://www.antoinegandois.fr/assurance-en-coulisses,2,cible,non — aucune démarche sans autorisation
assureurpro.com,média/événement courtage,courtiers,données et méthodes,cartographie + calculateur,https://assureurpro.com/event/rendez-vous-du-courtage-de-marseille,2,cible,non — aucune démarche sans autorisation
cncef.org,organisme professionnel,courtiers et intermédiaires,méthode et traçabilité,conformité + checklist audit,https://www.cncef.org/actualites/cncef-presente-aux-journees-du-courtage-en-septembre-2026,2,cible,non — aucune démarche sans autorisation
consultys-assurances.com,consultant assurance,cabinets de courtage,"méthode d'organisation et de mesure, sans produit",protocole de mesure + calculateur,https://consultys-assurances.com/cabinet-consultys,2,cible,non — aucune démarche sans autorisation
fincup.fr,formation finance/assurance,professionnels en formation,ressource de méthode pour leurs modules,processus + glossaire,https://www.fincup.fr/formation-assurances-dda,2,cible,non — aucune démarche sans autorisation
formations-obligatoires.fr,formation réglementaire,courtiers soumis à formation,contenus sur la traçabilité du devoir de conseil,conformité + checklist audit,https://formations-obligatoires.fr/formation-courtier-assurance,2,cible,non — aucune démarche sans autorisation
jassuremonfutur.fr,podcast assurance,nouveaux entrants et courtiers,vocabulaire et méthodes d'organisation,glossaire + processus,https://www.jassuremonfutur.fr/actualites/decouvrez-la-serie-de-podcasts-du-courtage-en-assurances,2,cible,non — aucune démarche sans autorisation
medcourtage.ch,média courtage suisse,courtiers francophones,"données et méthodes, sans démarche commerciale",cartographie + protocole de mesure,https://medcourtage.ch/,2,cible,non — aucune démarche sans autorisation
promaxis.ch,acteur suisse (automatisation),courtiers suisses,comparaison méthodologique sur ce qui est automatisable et ce qui ne l'est pas,page automatisation + limites,https://promaxis.ch/referencement-local-courtier-assurance-suisse-romande/,2,cible,non — aucune démarche sans autorisation
romandiecourtage.ch,acteur suisse du courtage,courtiers romands,ressource de méthode utilisable sans logiciel,processus + checklists,https://www.romandiecourtage.ch/,2,cible,non — aucune démarche sans autorisation
sbc-consulting.fr,consultant courtage,cabinets,processus réutilisables,bibliothèque de processus,https://sbc-consulting.fr/,2,cible,non — aucune démarche sans autorisation
swiss-courtage.ch,acteur suisse du courtage,courtiers romands,"libre accès à une méthode d'organisation, sans produit imposé",processus suisses + checklists,https://www.swiss-courtage.ch/,2,cible,non — aucune démarche sans autorisation
aca-courtiers.ch,association suisse de courtiers,courtiers suisses,"ressource suisse : vocabulaire, journal de conseil, processus",glossaire suisse + processus suisses,https://aca-courtiers.ch/,1,cible,non — aucune démarche sans autorisation
ascourtage.fr,média/annuaire courtage,courtiers,ressource gratuite utile à leurs lecteurs (checklists),checklists du cabinet,https://www.ascourtage.fr/la-presse-en-parle.html,1,cible,non — aucune démarche sans autorisation
courtage-academy.com,formation courtage,courtiers et nouveaux entrants,outils gratuits utilisables en formation,calculateurs + checklists,https://www.courtage-academy.com/nos-formations-ias,1,cible,non — aucune démarche sans autorisation
courtage-magazine.fr,média spécialisé courtage,courtiers et cabinets,un sujet de méthode (mesurer le temps administratif) plutôt qu'un argumentaire produit,protocole de mesure + calculateur de temps,https://courtage-magazine.fr/,1,cible,non — aucune démarche sans autorisation
digital-et-assurance.com,média digitalisation assurance,"assureurs, courtiers, insurtechs",retour d'expérience sur l'automatisation réellement possible dans un cabinet,processus + calculateur,https://www.digital-et-assurance.com/analyses/presse-specialisee-assurance/,1,cible,non — aucune démarche sans autorisation
franceassureurs.fr,fédération professionnelle,assureurs et professionnels de l'assurance,partager un actif de données publiques sur le courtage (cartographie SIRENE),cartographie des courtiers en France,https://www.franceassureurs.fr/,1,cible,non — aucune démarche sans autorisation
newsassurancespro.com,média professionnel assurance,professionnels de l'assurance,données publiques mises en forme et datées,cartographie des courtiers,https://www.newsassurancespro.com/,1,cible,non — aucune démarche sans autorisation
orica.fr,organisme de formation,courtiers en formation,supports libres d'accès pour les stagiaires,checklists + glossaire + processus,https://www.orica.fr/formation-dda-directive-sur-la-distribution-dassurance,1,cible,non — aucune démarche sans autorisation
vcw.ch,association professionnelle suisse,intermédiaires d'assurance suisses,contenus sur la traçabilité du conseil et l'organisation du cabinet,glossaire suisse + conformité LSA/FINMA,https://vcw.ch/fr/,1,cible,non — aucune démarche sans autorisation
acpr.banque-france.fr,autorité de surveillance,—,veille réglementaire uniquement : on ne sollicite pas un régulateur pour un lien,—,https://acpr.banque-france.fr/fr/professionnels/lacpr-vous-accompagne/intermediaires/associations-de-courtiers,0,veille,non — aucune démarche sans autorisation
codecourtage.fr,annuaire/formation,courtiers,à qualifier avant démarche,—,https://codecourtage.fr/syndicats-courtiers-assurances-france/,0,a qualifier,non — aucune démarche sans autorisation
data.bnf.fr,base de données publique,—,aucun usage,—,https://data.bnf.fr/fr/12270848/federation_francaise_des_courtiers_d_assurances_et_de_reassurances/,0,hors cible,non — aucune démarche sans autorisation
facebook.com,réseau social,—,aucun usage,—,https://www.facebook.com/acacourtiers/,0,hors cible,non — aucune démarche sans autorisation
facfr.fr,à qualifier,,à qualifier avant toute démarche,,https://facfr.fr/,0,a qualifier,non — aucune démarche sans autorisation
finma.ch,autorité de surveillance,—,veille réglementaire uniquement : on ne sollicite pas un régulateur pour un lien,—,https://www.finma.ch/fr/autorisation/intermediation-dassurance/,0,veille,non — aucune démarche sans autorisation
francetransactions.com,acteur transactions,chroniqueurs/professionnels,à qualifier avant toute démarche,—,https://www.francetransactions.com/actus/assurancevie/journees-du-courtage-salon-professionnel-courtiers-assurances.html,0,a qualifier,non — aucune démarche sans autorisation
kereis-solutions.com,acteur assurance (courtage),courtiers,"à qualifier : acteur du courtage, pas un média",—,https://www.kereis-solutions.com/actualites/la-kapsule-le-podcast-qui-va-a-la-rencontre-des-courtiers-en-assurance/,0,a qualifier,non — aucune démarche sans autorisation
netvox-assurances.fr,courtier grossiste,courtiers,à qualifier : concurrent potentiel sur certaines offres,—,https://www.netvox-assurances.fr/communication/presse/,0,a qualifier,non — aucune démarche sans autorisation
planetecsca.fr,à qualifier,,à qualifier avant toute démarche,,https://www.planetecsca.fr/,0,a qualifier,non — aucune démarche sans autorisation
podcast.ausha.co,plateforme de podcast,—,aucun usage,—,https://podcast.ausha.co/decrypte-l-assurance-le-podcast-qui-rend-l-assurance-presque-sexy/decrypte-l-assurance-jingle,0,hors cible,non — aucune démarche sans autorisation
podcastics.com,plateforme de podcast,—,aucun usage,—,https://www.podcastics.com/podcast/jassure-en-assurances/,0,hors cible,non — aucune démarche sans autorisation
rts.ch,média généraliste suisse,grand public suisse,à traiter seulement en cas de donnée suisse solide ; nous n'en avons pas encore,—,https://www.rts.ch/info/suisse/14405612-attention-aux-methodes-abusives-de-certains-courtiers-en-assurance.html,0,veille,non — aucune démarche sans autorisation
shows.acast.com,plateforme de podcast,—,aucun usage,—,https://shows.acast.com/diotsiaci-podcast,0,hors cible,non — aucune démarche sans autorisation
youtube.com,plateforme,—,aucun usage,—,https://www.youtube.com/watch?v=BpH0jAUyE1U,0,hors cible,non — aucune démarche sans autorisation
