URL,CLUSTER,PARENT,ENFANTS,VOISINS,LIENS_PRESENTS,LIENS_PROPOSES
https://courtiark.fr/ch,suisse,,https://courtiark.fr/ch/logiciel-courtier-assurance-suisse https://courtiark.fr/ch/crm-courtier-assurance-suisse https://courtiark.fr/ch/automatisation-courtier-assurance-suisse https://courtiark.fr/ch/gestion-portefeuille-assurance-suisse https://courtiark.fr/ch/gestion-commissions-courtier-assurance-suisse https://courtiark.fr/ch/relances-courtier-assurance-suisse,,12,
https://courtiark.fr/ch/automatisation-courtier-assurance-suisse,suisse,https://courtiark.fr/ch,https://courtiark.fr/ch/logiciel-courtier-assurance-suisse https://courtiark.fr/ch/crm-courtier-assurance-suisse https://courtiark.fr/ch/gestion-portefeuille-assurance-suisse https://courtiark.fr/ch/gestion-commissions-courtier-assurance-suisse https://courtiark.fr/ch/relances-courtier-assurance-suisse https://courtiark.fr/ch/logiciel-prospection-courtier-assurance-suisse,https://courtiark.fr/ch,10,
https://courtiark.fr/ch/conformite-intermediaire-assurance-lsa-finma,suisse,https://courtiark.fr/ch,https://courtiark.fr/ch/logiciel-courtier-assurance-suisse https://courtiark.fr/ch/crm-courtier-assurance-suisse https://courtiark.fr/ch/automatisation-courtier-assurance-suisse https://courtiark.fr/ch/gestion-portefeuille-assurance-suisse https://courtiark.fr/ch/gestion-commissions-courtier-assurance-suisse https://courtiark.fr/ch/relances-courtier-assurance-suisse,https://courtiark.fr/ch,11,https://courtiark.fr/ch/automatisation-courtier-assurance-suisse
https://courtiark.fr/ch/crm-courtier-assurance-suisse,suisse,https://courtiark.fr/ch,https://courtiark.fr/ch/logiciel-courtier-assurance-suisse https://courtiark.fr/ch/automatisation-courtier-assurance-suisse https://courtiark.fr/ch/gestion-portefeuille-assurance-suisse https://courtiark.fr/ch/gestion-commissions-courtier-assurance-suisse https://courtiark.fr/ch/relances-courtier-assurance-suisse https://courtiark.fr/ch/logiciel-prospection-courtier-assurance-suisse,https://courtiark.fr/ch,10,https://courtiark.fr/ch/logiciel-courtier-assurance-suisse https://courtiark.fr/ch/automatisation-courtier-assurance-suisse
https://courtiark.fr/ch/gestion-commissions-courtier-assurance-suisse,suisse,https://courtiark.fr/ch,https://courtiark.fr/ch/logiciel-courtier-assurance-suisse https://courtiark.fr/ch/crm-courtier-assurance-suisse https://courtiark.fr/ch/automatisation-courtier-assurance-suisse https://courtiark.fr/ch/gestion-portefeuille-assurance-suisse https://courtiark.fr/ch/relances-courtier-assurance-suisse https://courtiark.fr/ch/logiciel-prospection-courtier-assurance-suisse,https://courtiark.fr/ch,11,https://courtiark.fr/ch/automatisation-courtier-assurance-suisse
https://courtiark.fr/ch/gestion-portefeuille-assurance-suisse,suisse,https://courtiark.fr/ch,https://courtiark.fr/ch/logiciel-courtier-assurance-suisse https://courtiark.fr/ch/crm-courtier-assurance-suisse https://courtiark.fr/ch/automatisation-courtier-assurance-suisse https://courtiark.fr/ch/gestion-commissions-courtier-assurance-suisse https://courtiark.fr/ch/relances-courtier-assurance-suisse https://courtiark.fr/ch/logiciel-prospection-courtier-assurance-suisse,https://courtiark.fr/ch,11,https://courtiark.fr/ch/automatisation-courtier-assurance-suisse
https://courtiark.fr/ch/ia-courtier-assurance-suisse,suisse,https://courtiark.fr/ch,https://courtiark.fr/ch/logiciel-courtier-assurance-suisse https://courtiark.fr/ch/crm-courtier-assurance-suisse https://courtiark.fr/ch/automatisation-courtier-assurance-suisse https://courtiark.fr/ch/gestion-portefeuille-assurance-suisse https://courtiark.fr/ch/gestion-commissions-courtier-assurance-suisse https://courtiark.fr/ch/relances-courtier-assurance-suisse,https://courtiark.fr/ch,11,https://courtiark.fr/ch/logiciel-courtier-assurance-suisse
https://courtiark.fr/ch/logiciel-courtier-assurance-suisse,suisse,https://courtiark.fr/ch,https://courtiark.fr/ch/crm-courtier-assurance-suisse https://courtiark.fr/ch/automatisation-courtier-assurance-suisse https://courtiark.fr/ch/gestion-portefeuille-assurance-suisse https://courtiark.fr/ch/gestion-commissions-courtier-assurance-suisse https://courtiark.fr/ch/relances-courtier-assurance-suisse https://courtiark.fr/ch/logiciel-prospection-courtier-assurance-suisse,https://courtiark.fr/ch,9,https://courtiark.fr/ch/gestion-portefeuille-assurance-suisse
https://courtiark.fr/ch/logiciel-devis-courtier-assurance-suisse,suisse,https://courtiark.fr/ch,https://courtiark.fr/ch/logiciel-courtier-assurance-suisse https://courtiark.fr/ch/crm-courtier-assurance-suisse https://courtiark.fr/ch/automatisation-courtier-assurance-suisse https://courtiark.fr/ch/gestion-portefeuille-assurance-suisse https://courtiark.fr/ch/gestion-commissions-courtier-assurance-suisse https://courtiark.fr/ch/relances-courtier-assurance-suisse,https://courtiark.fr/ch,11,https://courtiark.fr/ch/automatisation-courtier-assurance-suisse
https://courtiark.fr/ch/logiciel-prospection-courtier-assurance-suisse,suisse,https://courtiark.fr/ch,https://courtiark.fr/ch/logiciel-courtier-assurance-suisse https://courtiark.fr/ch/crm-courtier-assurance-suisse https://courtiark.fr/ch/automatisation-courtier-assurance-suisse https://courtiark.fr/ch/gestion-portefeuille-assurance-suisse https://courtiark.fr/ch/gestion-commissions-courtier-assurance-suisse https://courtiark.fr/ch/relances-courtier-assurance-suisse,https://courtiark.fr/ch,11,https://courtiark.fr/ch/automatisation-courtier-assurance-suisse
https://courtiark.fr/ch/relances-courtier-assurance-suisse,suisse,https://courtiark.fr/ch,https://courtiark.fr/ch/logiciel-courtier-assurance-suisse https://courtiark.fr/ch/crm-courtier-assurance-suisse https://courtiark.fr/ch/automatisation-courtier-assurance-suisse https://courtiark.fr/ch/gestion-portefeuille-assurance-suisse https://courtiark.fr/ch/gestion-commissions-courtier-assurance-suisse https://courtiark.fr/ch/logiciel-prospection-courtier-assurance-suisse,https://courtiark.fr/ch,11,https://courtiark.fr/ch/logiciel-courtier-assurance-suisse
https://courtiark.fr/ch/tarifs-logiciel-courtier-chf,suisse,https://courtiark.fr/ch,https://courtiark.fr/ch/logiciel-courtier-assurance-suisse https://courtiark.fr/ch/crm-courtier-assurance-suisse https://courtiark.fr/ch/automatisation-courtier-assurance-suisse https://courtiark.fr/ch/gestion-portefeuille-assurance-suisse https://courtiark.fr/ch/gestion-commissions-courtier-assurance-suisse https://courtiark.fr/ch/relances-courtier-assurance-suisse,https://courtiark.fr/ch,10,https://courtiark.fr/ch/logiciel-courtier-assurance-suisse https://courtiark.fr/ch/automatisation-courtier-assurance-suisse
https://courtiark.fr/fr/automatisation-courtier-assurance,productivite,https://courtiark.fr/fr/gagner-du-temps-courtier-assurance,https://courtiark.fr/fr/mesurer-temps-administratif-cabinet https://courtiark.fr/fr/ia-courtier-assurance,https://courtiark.fr/fr/gagner-du-temps-courtier-assurance,8,https://courtiark.fr/fr/gagner-du-temps-courtier-assurance https://courtiark.fr/fr/mesurer-temps-administratif-cabinet https://courtiark.fr/fr/gagner-du-temps-courtier-assurance
https://courtiark.fr/fr/comparateur-assurance-courtier,logiciel,https://courtiark.fr/fr/logiciel-courtier-assurance,https://courtiark.fr/fr/logiciel-devis-courtier-assurance https://courtiark.fr/fr/logiciel-gestion-cabinet-courtage https://courtiark.fr/fr/gestion-portefeuille-courtier https://courtiark.fr/fr/logiciel-courtier-multi-agences,https://courtiark.fr/fr/logiciel-courtier-assurance,8,https://courtiark.fr/fr/logiciel-devis-courtier-assurance https://courtiark.fr/fr/logiciel-gestion-cabinet-courtage https://courtiark.fr/fr/gestion-portefeuille-courtier
https://courtiark.fr/fr/crm-courtier-assurance,relation_client,,https://courtiark.fr/fr/relance-client-assurance https://courtiark.fr/fr/logiciel-courtier-assurance,,9,https://courtiark.fr/fr/relance-client-assurance
https://courtiark.fr/fr/gagner-du-temps-courtier-assurance,productivite,,https://courtiark.fr/fr/mesurer-temps-administratif-cabinet https://courtiark.fr/fr/automatisation-courtier-assurance https://courtiark.fr/fr/ia-courtier-assurance,,8,https://courtiark.fr/fr/mesurer-temps-administratif-cabinet
https://courtiark.fr/fr/gestion-portefeuille-courtier,logiciel,https://courtiark.fr/fr/logiciel-courtier-assurance,https://courtiark.fr/fr/logiciel-devis-courtier-assurance https://courtiark.fr/fr/logiciel-gestion-cabinet-courtage https://courtiark.fr/fr/comparateur-assurance-courtier https://courtiark.fr/fr/logiciel-courtier-multi-agences,https://courtiark.fr/fr/logiciel-courtier-assurance,8,https://courtiark.fr/fr/logiciel-courtier-assurance https://courtiark.fr/fr/logiciel-devis-courtier-assurance https://courtiark.fr/fr/comparateur-assurance-courtier https://courtiark.fr/fr/logiciel-courtier-assurance
https://courtiark.fr/fr/ia-courtier-assurance,productivite,https://courtiark.fr/fr/gagner-du-temps-courtier-assurance,https://courtiark.fr/fr/mesurer-temps-administratif-cabinet https://courtiark.fr/fr/automatisation-courtier-assurance,https://courtiark.fr/fr/gagner-du-temps-courtier-assurance,8,https://courtiark.fr/fr/mesurer-temps-administratif-cabinet
https://courtiark.fr/fr/logiciel-courtier-assurance,logiciel,,https://courtiark.fr/fr/logiciel-devis-courtier-assurance https://courtiark.fr/fr/logiciel-gestion-cabinet-courtage https://courtiark.fr/fr/gestion-portefeuille-courtier https://courtiark.fr/fr/comparateur-assurance-courtier https://courtiark.fr/fr/logiciel-courtier-multi-agences,,21,https://courtiark.fr/fr/gestion-portefeuille-courtier
https://courtiark.fr/fr/logiciel-courtier-emprunteur,metier,https://courtiark.fr/fr/logiciel-courtier-assurance,https://courtiark.fr/fr/logiciel-courtier-iard https://courtiark.fr/fr/logiciel-courtier-sante https://courtiark.fr/fr/logiciel-courtier-prevoyance https://courtiark.fr/fr/logiciel-courtier-mutuelle https://courtiark.fr/fr/logiciel-courtier-tns https://courtiark.fr/fr/logiciel-courtier-grossiste,https://courtiark.fr/fr/logiciel-courtier-assurance,14,https://courtiark.fr/fr/logiciel-courtier-iard https://courtiark.fr/fr/logiciel-courtier-sante https://courtiark.fr/fr/logiciel-courtier-prevoyance
https://courtiark.fr/fr/logiciel-courtier-grossiste,metier,https://courtiark.fr/fr/logiciel-courtier-assurance,https://courtiark.fr/fr/logiciel-courtier-iard https://courtiark.fr/fr/logiciel-courtier-sante https://courtiark.fr/fr/logiciel-courtier-prevoyance https://courtiark.fr/fr/logiciel-courtier-emprunteur https://courtiark.fr/fr/logiciel-courtier-mutuelle https://courtiark.fr/fr/logiciel-courtier-tns,https://courtiark.fr/fr/logiciel-courtier-assurance,4,https://courtiark.fr/fr/logiciel-courtier-iard https://courtiark.fr/fr/logiciel-courtier-sante https://courtiark.fr/fr/logiciel-courtier-prevoyance
https://courtiark.fr/fr/logiciel-courtier-iard,metier,https://courtiark.fr/fr/logiciel-courtier-assurance,https://courtiark.fr/fr/logiciel-courtier-sante https://courtiark.fr/fr/logiciel-courtier-prevoyance https://courtiark.fr/fr/logiciel-courtier-emprunteur https://courtiark.fr/fr/logiciel-courtier-mutuelle https://courtiark.fr/fr/logiciel-courtier-tns https://courtiark.fr/fr/logiciel-courtier-grossiste,https://courtiark.fr/fr/logiciel-courtier-assurance,14,https://courtiark.fr/fr/logiciel-courtier-sante https://courtiark.fr/fr/logiciel-courtier-prevoyance https://courtiark.fr/fr/logiciel-courtier-emprunteur
https://courtiark.fr/fr/logiciel-courtier-mandataire,metier,https://courtiark.fr/fr/logiciel-courtier-assurance,https://courtiark.fr/fr/logiciel-courtier-iard https://courtiark.fr/fr/logiciel-courtier-sante https://courtiark.fr/fr/logiciel-courtier-prevoyance https://courtiark.fr/fr/logiciel-courtier-emprunteur https://courtiark.fr/fr/logiciel-courtier-mutuelle https://courtiark.fr/fr/logiciel-courtier-tns,https://courtiark.fr/fr/logiciel-courtier-assurance,4,https://courtiark.fr/fr/logiciel-courtier-iard https://courtiark.fr/fr/logiciel-courtier-sante https://courtiark.fr/fr/logiciel-courtier-prevoyance
https://courtiark.fr/fr/logiciel-courtier-multi-agences,logiciel,https://courtiark.fr/fr/logiciel-courtier-assurance,https://courtiark.fr/fr/logiciel-devis-courtier-assurance https://courtiark.fr/fr/logiciel-gestion-cabinet-courtage https://courtiark.fr/fr/gestion-portefeuille-courtier https://courtiark.fr/fr/comparateur-assurance-courtier,https://courtiark.fr/fr/logiciel-courtier-assurance,0,https://courtiark.fr/fr/logiciel-courtier-assurance https://courtiark.fr/fr/logiciel-devis-courtier-assurance https://courtiark.fr/fr/logiciel-gestion-cabinet-courtage https://courtiark.fr/fr/gestion-portefeuille-courtier https://courtiark.fr/fr/logiciel-courtier-assurance
https://courtiark.fr/fr/logiciel-courtier-mutuelle,metier,https://courtiark.fr/fr/logiciel-courtier-assurance,https://courtiark.fr/fr/logiciel-courtier-iard https://courtiark.fr/fr/logiciel-courtier-sante https://courtiark.fr/fr/logiciel-courtier-prevoyance https://courtiark.fr/fr/logiciel-courtier-emprunteur https://courtiark.fr/fr/logiciel-courtier-tns https://courtiark.fr/fr/logiciel-courtier-grossiste,https://courtiark.fr/fr/logiciel-courtier-assurance,14,https://courtiark.fr/fr/logiciel-courtier-iard https://courtiark.fr/fr/logiciel-courtier-sante https://courtiark.fr/fr/logiciel-courtier-prevoyance
https://courtiark.fr/fr/logiciel-courtier-prevoyance,metier,https://courtiark.fr/fr/logiciel-courtier-assurance,https://courtiark.fr/fr/logiciel-courtier-iard https://courtiark.fr/fr/logiciel-courtier-sante https://courtiark.fr/fr/logiciel-courtier-emprunteur https://courtiark.fr/fr/logiciel-courtier-mutuelle https://courtiark.fr/fr/logiciel-courtier-tns https://courtiark.fr/fr/logiciel-courtier-grossiste,https://courtiark.fr/fr/logiciel-courtier-assurance,14,https://courtiark.fr/fr/logiciel-courtier-iard https://courtiark.fr/fr/logiciel-courtier-sante https://courtiark.fr/fr/logiciel-courtier-emprunteur
https://courtiark.fr/fr/logiciel-courtier-sante,metier,https://courtiark.fr/fr/logiciel-courtier-assurance,https://courtiark.fr/fr/logiciel-courtier-iard https://courtiark.fr/fr/logiciel-courtier-prevoyance https://courtiark.fr/fr/logiciel-courtier-emprunteur https://courtiark.fr/fr/logiciel-courtier-mutuelle https://courtiark.fr/fr/logiciel-courtier-tns https://courtiark.fr/fr/logiciel-courtier-grossiste,https://courtiark.fr/fr/logiciel-courtier-assurance,14,https://courtiark.fr/fr/logiciel-courtier-iard https://courtiark.fr/fr/logiciel-courtier-prevoyance https://courtiark.fr/fr/logiciel-courtier-emprunteur
https://courtiark.fr/fr/logiciel-courtier-tns,metier,https://courtiark.fr/fr/logiciel-courtier-assurance,https://courtiark.fr/fr/logiciel-courtier-iard https://courtiark.fr/fr/logiciel-courtier-sante https://courtiark.fr/fr/logiciel-courtier-prevoyance https://courtiark.fr/fr/logiciel-courtier-emprunteur https://courtiark.fr/fr/logiciel-courtier-mutuelle https://courtiark.fr/fr/logiciel-courtier-grossiste,https://courtiark.fr/fr/logiciel-courtier-assurance,4,https://courtiark.fr/fr/logiciel-courtier-iard https://courtiark.fr/fr/logiciel-courtier-sante https://courtiark.fr/fr/logiciel-courtier-prevoyance
https://courtiark.fr/fr/logiciel-devis-courtier-assurance,logiciel,https://courtiark.fr/fr/logiciel-courtier-assurance,https://courtiark.fr/fr/logiciel-gestion-cabinet-courtage https://courtiark.fr/fr/gestion-portefeuille-courtier https://courtiark.fr/fr/comparateur-assurance-courtier https://courtiark.fr/fr/logiciel-courtier-multi-agences,https://courtiark.fr/fr/logiciel-courtier-assurance,8,https://courtiark.fr/fr/logiciel-gestion-cabinet-courtage https://courtiark.fr/fr/gestion-portefeuille-courtier
https://courtiark.fr/fr/logiciel-gestion-cabinet-courtage,logiciel,https://courtiark.fr/fr/logiciel-courtier-assurance,https://courtiark.fr/fr/logiciel-devis-courtier-assurance https://courtiark.fr/fr/gestion-portefeuille-courtier https://courtiark.fr/fr/comparateur-assurance-courtier https://courtiark.fr/fr/logiciel-courtier-multi-agences,https://courtiark.fr/fr/logiciel-courtier-assurance,8,https://courtiark.fr/fr/logiciel-devis-courtier-assurance https://courtiark.fr/fr/comparateur-assurance-courtier
https://courtiark.fr/fr/mesurer-temps-administratif-cabinet,productivite,https://courtiark.fr/fr/gagner-du-temps-courtier-assurance,https://courtiark.fr/fr/automatisation-courtier-assurance https://courtiark.fr/fr/ia-courtier-assurance,https://courtiark.fr/fr/gagner-du-temps-courtier-assurance,8,https://courtiark.fr/fr/ia-courtier-assurance
https://courtiark.fr/fr/relance-client-assurance,relation_client,https://courtiark.fr/fr/crm-courtier-assurance,https://courtiark.fr/fr/logiciel-courtier-assurance,https://courtiark.fr/fr/crm-courtier-assurance,8,https://courtiark.fr/fr/logiciel-courtier-assurance
