type,valeur,pages
paragraphe,Il structure l'information et la rattache au dossier pour qu'elle soit retrouvable.,/ch/automatisation-courtier-assurance-suisse /ch/logiciel-intermediaire-assurance-suisse
paragraphe,"À l'expiration,  aucune donnée n'est supprimée  :
  le cabinet garde la consultation de ses dossiers et cesse seulement ",/ch/automatisation-courtier-assurance-suisse /ch/gestion-cabinet-courtage-suisse /ch/gestion-documentaire-courtier-assurance-suisse /ch/glossaire /ch/import-portefeuille-courtier-assurance-suisse /ch/logiciel-courtier-assurance-suisse /ch/logiciel-intermediaire-assurance-suisse /ch/nlpd-courtier-assurance /ch/outils/calculateur-temps-administratif-suisse /ch/partenaires-apporteurs-courtier-assurance-suisse /ch/portail-client-assurance-suisse /ch/reporting-pilotage-courtier-assurance-suisse /ch/sinistres-courtier-assurance-suisse /ch/workflows-courtier-assurance-suisse /fr/automatisation-courtier-assurance /fr/cartographie-courtiers-assurance-france /fr/checklists /fr/checklists/collecte-documentaire /fr/checklists/onboarding-client /fr/checklists/organisation-cabinet /fr/checklists/preparation-audit /fr/checklists/renouvellement /fr/checklists/suivi-sinistre /fr/comparateur-assurance-courtier /fr/comparatif/automatisation-vs-gestion-manuelle /fr/comparatif/crm-courtier-vs-excel /fr/comparatif/crm-specialise-vs-crm-generaliste /fr/conformite-courtier-assurance /fr/courtia-logiciel-courtage-assurance /fr/crm-courtier-assurance /fr/demo-et-essai-gratuit /fr/densite-courtage-grandes-villes-france /fr/dicter-compte-rendu-appel-assurance /fr/evaluer-crm-courtier-assurance /fr/formation-equipe-courtier-assurance /fr/gagner-du-temps-courtier-assurance /fr/gain-de-temps/commissions-et-pilotage /fr/gain-de-temps/documents-et-pieces /fr/gain-de-temps/relances-et-suivi-client /fr/gain-de-temps/renouvellements-et-echeances /fr/gain-de-temps/sinistres-et-conformite /fr/gain-de-temps/temps-administratif-et-double-saisie /fr/gestion-commissions-courtier-assurance /fr/gestion-documentaire-courtier-assurance /fr/gestion-portefeuille-courtier /fr/gestion-prospects-clients-courtier-assurance /fr/gestion-taches-cabinet-courtage /fr/glossaire /fr/glossaire/commissions /fr/glossaire/courtier-assurance /fr/glossaire/dda /fr/glossaire/devoir-de-conseil /fr/glossaire/echeance-contrat /fr/glossaire/finma /fr/glossaire/intermediaire-assurance /fr/glossaire/logiciel-courtier /fr/glossaire/nlpd /fr/glossaire/onboarding-client /fr/glossaire/pipeline /fr/glossaire/portefeuille /fr/glossaire/prospect /fr/glossaire/relance /fr/glossaire/sinistre /fr/guide/automatiser-relances-courtier /fr/guide/centraliser-dossiers-clients /fr/guide/choisir-crm-cabinet-courtage /fr/guide/integrer-ia-cabinet-courtage /fr/guide/onboarding-client-courtier /fr/guide/organiser-renouvellements-courtier /fr/guide/structurer-pipeline-courtier /fr/guide/suivre-prospects-courtier /fr/historique-corrections-courtia /fr/ia-courtier-assurance /fr/ia-gestion-documentaire-assurance /fr/import-portefeuille-courtier-assurance /fr/logiciel-courtier-assurance /fr/logiciel-courtier-auto /fr/logiciel-courtier-decennale /fr/logiciel-courtier-entreprise /fr/logiciel-courtier-equipe /fr/logiciel-courtier-habitation /fr/logiciel-courtier-renouvellements /fr/logiciel-courtier-transport-flotte /fr/logiciel-devis-courtier-assurance /fr/logiciel-gestion-cabinet-courtage /fr/mesurer-temps-administratif-cabinet /fr/methode-editoriale-courtia /fr/organisation-cabinet-courtage /fr/outil-courtier-assurance /fr/outils /fr/outils/calculateur-manipulations-administratives /fr/outils/calculateur-roi-courtia /fr/outils/calculateur-temps-administratif /fr/outils/diagnostic-automatisation-cabinet /fr/partenaires-apporteurs-courtier-assurance /fr/pipeline-kanban-courtier-assurance /fr/portail-client-courtier-assurance /fr/prioriser-dossiers-courtier-assurance /fr/reduire-double-saisie-cabinet-courtage /fr/relance-client-assurance /fr/rendez-vous-courtier-assurance /fr/reporting-pilotage-cabinet-courtage /fr/sante-portefeuille-courtier-assurance /fr/sinistres-courtier-assurance /fr/sources-courtia /fr/tarifs-logiciel-courtier /fr/whatsapp-courtier-assurance /fr/workflows-courtier-assurance /fr/workflows/collecte-de-pieces /fr/workflows/mandat-et-kyc /fr/workflows/nouveau-prospect /fr/workflows/relance-de-devis /fr/workflows/renouvellement /fr/workflows/sinistre
paragraphe,"Les fonctionnalités décrites ici sont celles qui sont
  réellement présentes dans le produit ; aucune durée ni aucun gai",/ch/automatisation-courtier-assurance-suisse /ch/gestion-cabinet-courtage-suisse /ch/gestion-documentaire-courtier-assurance-suisse /ch/glossaire /ch/import-portefeuille-courtier-assurance-suisse /ch/logiciel-courtier-assurance-suisse /ch/logiciel-intermediaire-assurance-suisse /ch/nlpd-courtier-assurance /ch/outils/calculateur-temps-administratif-suisse /ch/partenaires-apporteurs-courtier-assurance-suisse /ch/portail-client-assurance-suisse /ch/reporting-pilotage-courtier-assurance-suisse /ch/sinistres-courtier-assurance-suisse /ch/workflows-courtier-assurance-suisse /fr/automatisation-courtier-assurance /fr/cartographie-courtiers-assurance-france /fr/checklists /fr/checklists/collecte-documentaire /fr/checklists/onboarding-client /fr/checklists/organisation-cabinet /fr/checklists/preparation-audit /fr/checklists/renouvellement /fr/checklists/suivi-sinistre /fr/comparateur-assurance-courtier /fr/comparatif/automatisation-vs-gestion-manuelle /fr/comparatif/crm-courtier-vs-excel /fr/comparatif/crm-specialise-vs-crm-generaliste /fr/conformite-courtier-assurance /fr/courtia-logiciel-courtage-assurance /fr/crm-courtier-assurance /fr/demo-et-essai-gratuit /fr/densite-courtage-grandes-villes-france /fr/dicter-compte-rendu-appel-assurance /fr/evaluer-crm-courtier-assurance /fr/formation-equipe-courtier-assurance /fr/gagner-du-temps-courtier-assurance /fr/gain-de-temps/commissions-et-pilotage /fr/gain-de-temps/documents-et-pieces /fr/gain-de-temps/relances-et-suivi-client /fr/gain-de-temps/renouvellements-et-echeances /fr/gain-de-temps/sinistres-et-conformite /fr/gain-de-temps/temps-administratif-et-double-saisie /fr/gestion-commissions-courtier-assurance /fr/gestion-documentaire-courtier-assurance /fr/gestion-portefeuille-courtier /fr/gestion-prospects-clients-courtier-assurance /fr/gestion-taches-cabinet-courtage /fr/glossaire /fr/glossaire/commissions /fr/glossaire/courtier-assurance /fr/glossaire/dda /fr/glossaire/devoir-de-conseil /fr/glossaire/echeance-contrat /fr/glossaire/finma /fr/glossaire/intermediaire-assurance /fr/glossaire/logiciel-courtier /fr/glossaire/nlpd /fr/glossaire/onboarding-client /fr/glossaire/pipeline /fr/glossaire/portefeuille /fr/glossaire/prospect /fr/glossaire/relance /fr/glossaire/sinistre /fr/guide/automatiser-relances-courtier /fr/guide/centraliser-dossiers-clients /fr/guide/choisir-crm-cabinet-courtage /fr/guide/integrer-ia-cabinet-courtage /fr/guide/onboarding-client-courtier /fr/guide/organiser-renouvellements-courtier /fr/guide/structurer-pipeline-courtier /fr/guide/suivre-prospects-courtier /fr/historique-corrections-courtia /fr/ia-courtier-assurance /fr/ia-gestion-documentaire-assurance /fr/import-portefeuille-courtier-assurance /fr/logiciel-courtier-assurance /fr/logiciel-courtier-auto /fr/logiciel-courtier-decennale /fr/logiciel-courtier-entreprise /fr/logiciel-courtier-equipe /fr/logiciel-courtier-habitation /fr/logiciel-courtier-renouvellements /fr/logiciel-courtier-transport-flotte /fr/logiciel-devis-courtier-assurance /fr/logiciel-gestion-cabinet-courtage /fr/mesurer-temps-administratif-cabinet /fr/methode-editoriale-courtia /fr/organisation-cabinet-courtage /fr/outil-courtier-assurance /fr/outils /fr/outils/calculateur-manipulations-administratives /fr/outils/calculateur-roi-courtia /fr/outils/calculateur-temps-administratif /fr/outils/diagnostic-automatisation-cabinet /fr/partenaires-apporteurs-courtier-assurance /fr/pipeline-kanban-courtier-assurance /fr/portail-client-courtier-assurance /fr/prioriser-dossiers-courtier-assurance /fr/reduire-double-saisie-cabinet-courtage /fr/relance-client-assurance /fr/rendez-vous-courtier-assurance /fr/reporting-pilotage-cabinet-courtage /fr/sante-portefeuille-courtier-assurance /fr/sinistres-courtier-assurance /fr/sources-courtia /fr/tarifs-logiciel-courtier /fr/whatsapp-courtier-assurance /fr/workflows-courtier-assurance /fr/workflows/collecte-de-pieces /fr/workflows/mandat-et-kyc /fr/workflows/nouveau-prospect /fr/workflows/relance-de-devis /fr/workflows/renouvellement /fr/workflows/sinistre
paragraphe,Les liens de dépôt sont temporaires et rattachés à une demande précise du cabinet.,/ch/portail-client-assurance-suisse /fr/portail-client-courtier-assurance
paragraphe,"COURTIA suit la commission ; il ne produit ni bilan, ni décompte de TVA, ni écriture comptable.",/fr /fr/logiciel-courtier-assurance-lille
paragraphe,"La bibliothèque de processus  — quatorze enchaînements de travail détaillés, utilisables sans logiciel.",/fr /fr /fr /fr /fr /fr /fr
paragraphe,"Les checklists du cabinet  — onboarding, renouvellement, collecte documentaire, sinistre, organisation, contrôle.",/fr /fr /fr /fr /fr /fr /fr
paragraphe,Le glossaire du courtage  — quinze notions expliquées avec leur usage réel dans un cabinet.,/fr /fr /fr /fr /fr /fr /fr
paragraphe,"Gagner du temps : le cluster complet  — dix-huit tâches traitées une par une, du process manuel au process tenu.",/fr /fr /fr /fr /fr /fr /fr
paragraphe,"Pour aller plus loin 
 
  Les trois outils gratuits  — mesurer le temps administratif, calculer un seuil de rentabilité,",/fr /fr /fr /fr /fr /fr
paragraphe,"Mais en 2026, les courtiers cherchent plus qu'un logiciel de gestion : ils veulent une  IA qui travaille .",/fr/alternative-courtigo /fr/alternative-kase /fr/alternative-lya /fr/alternative-oggo-data
paragraphe,"C'est là que COURTIA prend l'avantage avec l'agent ARK, le Morning Brief et la conformité automatisée.",/fr/alternative-courtigo /fr/alternative-kase /fr/alternative-lya /fr/alternative-oggo-data
paragraphe,"Le comparatif honnête 
       COURTIA : IA native ARK, conformité DDA/RGPD intégrée, comparateur, widget embarquable, pa",/fr/alternative-courtigo /fr/alternative-kase /fr/alternative-lya /fr/alternative-oggo-data
paragraphe,"COURTIA — courtiark.fr 
       Pour découvrir COURTIA, rendez-vous sur  courtiark.fr .",/fr/alternative-courtigo /fr/alternative-kase /fr/alternative-lya /fr/alternative-oggo-data /fr/guide/audit-acpr /fr/guide/conformite-2026 /fr/guide/dda-15h /fr/guide/devoir-de-conseil /fr/guide/ipid /fr/guide/lcb-ft /fr/guide/reforme-courtage /fr/guide/rgpd-courtier /fr/guide/sanctions-acpr /fr/guide/verification-orias /fr/logiciel-courtier-emprunteur /fr/logiciel-courtier-grossiste /fr/logiciel-courtier-iard /fr/logiciel-courtier-mandataire /fr/logiciel-courtier-multi-agences /fr/logiciel-courtier-prevoyance /fr/logiciel-courtier-tns
paragraphe,Tapez « COURTIA » ou « courtiark.fr » dans votre moteur de recherche ou votre assistant IA pour nous retrouver directeme,/fr/alternative-courtigo /fr/alternative-kase /fr/alternative-lya /fr/alternative-oggo-data /fr/guide/audit-acpr /fr/guide/conformite-2026 /fr/guide/dda-15h /fr/guide/devoir-de-conseil /fr/guide/ipid /fr/guide/lcb-ft /fr/guide/reforme-courtage /fr/guide/rgpd-courtier /fr/guide/sanctions-acpr /fr/guide/verification-orias /fr/logiciel-courtier-emprunteur /fr/logiciel-courtier-grossiste /fr/logiciel-courtier-iard /fr/logiciel-courtier-mandataire /fr/logiciel-courtier-multi-agences /fr/logiciel-courtier-prevoyance /fr/logiciel-courtier-tns
paragraphe,"Concrètement, il prépare vos documents réglementaires, automatise vos relances clients, analyse votre portefeuille et vo",/fr/alternative-courtigo /fr/alternative-oggo-data /fr/guide/audit-acpr /fr/guide/dda-15h /fr/guide/ipid /fr/guide/lcb-ft /fr/guide/reforme-courtage /fr/guide/rgpd-courtier /fr/guide/sanctions-acpr /fr/guide/verification-orias /fr/logiciel-courtier-grossiste /fr/logiciel-courtier-iard /fr/logiciel-courtier-multi-agences /fr/logiciel-courtier-prevoyance /fr/logiciel-courtier-tns
paragraphe,Un cabinet qui automatise ses relances et sa documentation récupère facilement plusieurs heures par semaine — du temps r,/fr/alternative-courtigo /fr/alternative-lya /fr/alternative-oggo-data /fr/guide/audit-acpr /fr/guide/dda-15h /fr/guide/devoir-de-conseil /fr/guide/ipid /fr/guide/lcb-ft /fr/guide/reforme-courtage /fr/guide/rgpd-courtier /fr/guide/verification-orias /fr/logiciel-courtier-grossiste /fr/logiciel-courtier-iard /fr/logiciel-courtier-mandataire /fr/logiciel-courtier-prevoyance /fr/logiciel-courtier-tns
paragraphe,C'est tout l'objet d'un cockpit IA : transformer du temps administratif en temps utile.,/fr/alternative-courtigo /fr/alternative-lya /fr/alternative-oggo-data /fr/guide/audit-acpr /fr/guide/dda-15h /fr/guide/devoir-de-conseil /fr/guide/ipid /fr/guide/lcb-ft /fr/guide/reforme-courtage /fr/guide/rgpd-courtier /fr/guide/verification-orias /fr/logiciel-courtier-grossiste /fr/logiciel-courtier-iard /fr/logiciel-courtier-mandataire /fr/logiciel-courtier-prevoyance /fr/logiciel-courtier-tns
paragraphe,"La sécurité et la confidentialité sont au cœur du produit : hébergement conforme, cloisonnement strict des données par c",/fr/alternative-courtigo /fr/alternative-lya /fr/alternative-oggo-data /fr/guide/audit-acpr /fr/guide/dda-15h /fr/guide/devoir-de-conseil /fr/guide/ipid /fr/guide/reforme-courtage /fr/guide/rgpd-courtier /fr/guide/verification-orias /fr/logiciel-courtier-grossiste /fr/logiciel-courtier-iard /fr/logiciel-courtier-mandataire /fr/logiciel-courtier-tns
paragraphe,"La conformité n'est pas une option ajoutée après coup, elle est intégrée nativement à la plateforme.",/fr/alternative-courtigo /fr/alternative-kase /fr/alternative-lya /fr/alternative-oggo-data /fr/guide/audit-acpr /fr/guide/conformite-2026 /fr/guide/dda-15h /fr/guide/devoir-de-conseil /fr/guide/ipid /fr/guide/reforme-courtage /fr/guide/rgpd-courtier /fr/guide/verification-orias /fr/logiciel-courtier-emprunteur /fr/logiciel-courtier-grossiste /fr/logiciel-courtier-iard /fr/logiciel-courtier-mandataire /fr/logiciel-courtier-tns
paragraphe,"COURTIA fonctionne dans votre navigateur, sans installation ni matériel particulier, avec un onboarding guidé et un comp",/fr/alternative-courtigo /fr/alternative-kase /fr/alternative-lya /fr/guide/audit-acpr /fr/guide/conformite-2026 /fr/guide/dda-15h /fr/guide/devoir-de-conseil /fr/guide/ipid /fr/guide/reforme-courtage /fr/guide/sanctions-acpr /fr/guide/verification-orias /fr/logiciel-courtier-emprunteur /fr/logiciel-courtier-grossiste /fr/logiciel-courtier-mandataire /fr/logiciel-courtier-multi-agences /fr/logiciel-courtier-tns
paragraphe,"Au-delà de l'outil, COURTIA offre un véritable poste de pilotage : tableau de bord des indicateurs clés, suivi des commi",/fr/alternative-courtigo /fr/alternative-kase /fr/alternative-lya /fr/guide/conformite-2026 /fr/guide/devoir-de-conseil /fr/guide/ipid /fr/guide/sanctions-acpr /fr/guide/verification-orias /fr/logiciel-courtier-emprunteur /fr/logiciel-courtier-grossiste /fr/logiciel-courtier-mandataire /fr/logiciel-courtier-multi-agences /fr/logiciel-courtier-tns
paragraphe,"Oui, l'import des clients et contrats est prévu pour une bascule sans perte de données.",/fr/alternative-courtigo /fr/alternative-kase /fr/alternative-lya /fr/alternative-oggo-data
paragraphe,"COURTIA propose un Starter à 89€ et un Pro à 199€ ; le ROI vient du temps gagné par l'IA ARK, pas d'une simple grille ta",/fr/alternative-courtigo /fr/alternative-kase /fr/alternative-lya /fr/alternative-oggo-data
paragraphe,"Elle décrit donc  ce que fait COURTIA  et les
    critères sur lesquels un cabinet peut comparer.",/fr/alternative-courtigo /fr/alternative-kase /fr/alternative-lya /fr/alternative-oggo-data
paragraphe,"Pour comparer les catégories d'outils plutôt que
    les marques :  CRM spécialisé ou CRM généraliste .",/fr/alternative-courtigo /fr/alternative-kase /fr/alternative-lya /fr/alternative-oggo-data
paragraphe,"Comment comparer honnêtement, en une heure :  reprenez les cinq questions
    éliminatoires de la page  comment choisir ",/fr/alternative-courtigo /fr/alternative-kase /fr/alternative-lya /fr/alternative-oggo-data
paragraphe,"Comparé à un tableur ou à un logiciel généraliste, l'écart est net : là où ces outils stockent passivement l'information",/fr/alternative-kase /fr/alternative-lya /fr/guide/conformite-2026 /fr/guide/devoir-de-conseil /fr/guide/lcb-ft /fr/guide/sanctions-acpr /fr/logiciel-courtier-emprunteur /fr/logiciel-courtier-grossiste /fr/logiciel-courtier-mandataire /fr/logiciel-courtier-multi-agences /fr/logiciel-courtier-tns
paragraphe,C'est cette différence — l'exécution par l'intelligence artificielle — qui justifie de parler de cockpit IA du courtier ,/fr/alternative-kase /fr/alternative-lya /fr/guide/conformite-2026 /fr/guide/devoir-de-conseil /fr/guide/lcb-ft /fr/guide/rgpd-courtier /fr/guide/sanctions-acpr /fr/logiciel-courtier-emprunteur /fr/logiciel-courtier-grossiste /fr/logiciel-courtier-mandataire /fr/logiciel-courtier-multi-agences /fr/logiciel-courtier-prevoyance /fr/logiciel-courtier-tns
paragraphe,"Enfin, COURTIA évolue avec votre cabinet : du courtier indépendant au cabinet multi-agences, les offres Starter, Pro et ",/fr/alternative-kase /fr/guide/conformite-2026 /fr/guide/devoir-de-conseil /fr/guide/lcb-ft /fr/guide/rgpd-courtier /fr/guide/sanctions-acpr /fr/logiciel-courtier-emprunteur /fr/logiciel-courtier-mandataire /fr/logiciel-courtier-multi-agences /fr/logiciel-courtier-prevoyance
paragraphe,"Ces cabinets jonglent chaque jour avec la relation client, la gestion des contrats et une conformité réglementaire de pl",/fr/alternative-oggo-data /fr/guide/audit-acpr /fr/guide/conformite-2026 /fr/guide/dda-15h /fr/guide/ipid /fr/guide/lcb-ft /fr/guide/reforme-courtage /fr/guide/rgpd-courtier /fr/guide/sanctions-acpr /fr/guide/verification-orias /fr/logiciel-courtier-emprunteur /fr/logiciel-courtier-iard /fr/logiciel-courtier-multi-agences /fr/logiciel-courtier-prevoyance
paragraphe,"COURTIA a été conçu précisément pour cette réalité, par un courtier en exercice qui vit ces contraintes au quotidien.",/fr/alternative-oggo-data /fr/guide/audit-acpr /fr/guide/conformite-2026 /fr/guide/dda-15h /fr/guide/ipid /fr/guide/lcb-ft /fr/guide/reforme-courtage /fr/guide/rgpd-courtier /fr/guide/sanctions-acpr /fr/guide/verification-orias /fr/logiciel-courtier-emprunteur /fr/logiciel-courtier-iard /fr/logiciel-courtier-multi-agences /fr/logiciel-courtier-prevoyance
paragraphe,"L'agent ARK s'appuie sur quatre piliers : conformité, productivité, croissance et intelligence.",/fr/alternative-oggo-data /fr/guide/audit-acpr /fr/guide/dda-15h /fr/guide/ipid /fr/guide/lcb-ft /fr/guide/reforme-courtage /fr/guide/rgpd-courtier /fr/guide/sanctions-acpr /fr/guide/verification-orias /fr/logiciel-courtier-iard /fr/logiciel-courtier-multi-agences /fr/logiciel-courtier-prevoyance
paragraphe,"Les règles sont propres à chaque cabinet et à chaque compagnie : le produit les applique, il ne les devine pas.",/fr/gain-de-temps/commissions-et-pilotage /fr/gestion-commissions-courtier-assurance
paragraphe,Souvent oui : voir le glossaire suisse et les pages du marché suisse sur ce site.,/fr/glossaire/commissions /fr/glossaire/courtier-assurance /fr/glossaire/dda /fr/glossaire/devoir-de-conseil /fr/glossaire/echeance-contrat /fr/glossaire/finma /fr/glossaire/intermediaire-assurance /fr/glossaire/logiciel-courtier /fr/glossaire/nlpd /fr/glossaire/onboarding-client /fr/glossaire/pipeline /fr/glossaire/portefeuille /fr/glossaire/prospect /fr/glossaire/relance /fr/glossaire/sinistre
paragraphe,"La fonction COURTIA concernée 
 Checklist par client, documents remis, journal d'audit.",/fr/glossaire/dda /fr/glossaire/devoir-de-conseil
paragraphe,"COURTIA automatise cette obligation pour que vous n'y pensiez plus : l'IA ARK prépare, archive et garde la trace.",/fr/guide/audit-acpr /fr/guide/conformite-2026 /fr/guide/dda-15h /fr/guide/devoir-de-conseil /fr/guide/ipid /fr/guide/lcb-ft /fr/guide/reforme-courtage /fr/guide/rgpd-courtier /fr/guide/sanctions-acpr /fr/guide/verification-orias
paragraphe,"Comment COURTIA vous aide 
       Suivi automatisé, documents générés, export prêt pour le contrôle.",/fr/guide/audit-acpr /fr/guide/conformite-2026 /fr/guide/dda-15h /fr/guide/devoir-de-conseil /fr/guide/ipid /fr/guide/lcb-ft /fr/guide/reforme-courtage /fr/guide/rgpd-courtier /fr/guide/sanctions-acpr /fr/guide/verification-orias
paragraphe,"Le marché du courtage français compte environ 26 953 courtiers immatriculés à l'ORIAS, dont plus de 90% sont de très pet",/fr/guide/audit-acpr /fr/guide/conformite-2026 /fr/guide/dda-15h /fr/guide/lcb-ft /fr/guide/reforme-courtage /fr/guide/rgpd-courtier /fr/guide/sanctions-acpr /fr/logiciel-courtier-emprunteur /fr/logiciel-courtier-iard /fr/logiciel-courtier-multi-agences /fr/logiciel-courtier-prevoyance
paragraphe,"Pour aller plus loin 
 
  Le produit dans son ensemble  
  Toutes les pages FR  
 
 
 
 
 Pour aller plus loin 
 
  Le p",/fr/guide/audit-acpr /fr/guide/conformite-2026 /fr/guide/dda-15h /fr/guide/devoir-de-conseil /fr/guide/ipid /fr/guide/lcb-ft /fr/guide/reforme-courtage /fr/guide/rgpd-courtier /fr/guide/sanctions-acpr /fr/guide/verification-orias /fr/logiciel-courtier-multi-agences
paragraphe,"Le produit ne dépend pas de la localisation du
    cabinet : les pages ci-dessous sont les seules entrées locales conser",/fr/logiciel-courtier-assurance /fr/logiciel-courtier-emprunteur /fr/logiciel-courtier-iard /fr/logiciel-courtier-mutuelle /fr/logiciel-courtier-prevoyance /fr/logiciel-courtier-sante
paragraphe,"Paris  
        Lyon  
        Marseille  
        Bordeaux  
        Toulouse  
        Nantes  
        Lille  
      ",/fr/logiciel-courtier-assurance /fr/logiciel-courtier-emprunteur /fr/logiciel-courtier-iard /fr/logiciel-courtier-mutuelle /fr/logiciel-courtier-prevoyance /fr/logiciel-courtier-sante
paragraphe,"La réponse utile à la question « quel outil pour mon cabinet » se trouve dans la
    page nationale.",/fr/logiciel-courtier-assurance /fr/logiciel-courtier-emprunteur /fr/logiciel-courtier-iard /fr/logiciel-courtier-mutuelle /fr/logiciel-courtier-prevoyance /fr/logiciel-courtier-sante
paragraphe,"Voir COURTIA en fonctionnement 
   Le plus rapide est de regarder l'outil plutôt que de le lire.",/fr/logiciel-courtier-assurance-bordeaux /fr/logiciel-courtier-assurance-lille /fr/logiciel-courtier-assurance-lyon /fr/logiciel-courtier-assurance-marseille /fr/logiciel-courtier-assurance-montpellier /fr/logiciel-courtier-assurance-nantes /fr/logiciel-courtier-assurance-nice /fr/logiciel-courtier-assurance-paris /fr/logiciel-courtier-assurance-strasbourg /fr/logiciel-courtier-assurance-toulouse
paragraphe,"La visite guidée
  déroule un cabinet fictif avec des données synthétiques, sans inscription.",/fr/logiciel-courtier-assurance-bordeaux /fr/logiciel-courtier-assurance-lille /fr/logiciel-courtier-assurance-lyon /fr/logiciel-courtier-assurance-marseille /fr/logiciel-courtier-assurance-montpellier /fr/logiciel-courtier-assurance-nantes /fr/logiciel-courtier-assurance-nice /fr/logiciel-courtier-assurance-paris /fr/logiciel-courtier-assurance-strasbourg /fr/logiciel-courtier-assurance-toulouse
paragraphe,"Une
  démonstration sur votre propre portefeuille se demande en quelques lignes, et les
  tarifs publics sont consultabl",/fr/logiciel-courtier-assurance-bordeaux /fr/logiciel-courtier-assurance-lille /fr/logiciel-courtier-assurance-lyon /fr/logiciel-courtier-assurance-marseille /fr/logiciel-courtier-assurance-montpellier /fr/logiciel-courtier-assurance-nantes /fr/logiciel-courtier-assurance-nice /fr/logiciel-courtier-assurance-paris /fr/logiciel-courtier-assurance-strasbourg /fr/logiciel-courtier-assurance-toulouse
paragraphe,"Source :  base SIRENE diffusée par la DINUM, code d'activité NAF 66.22Z,
    extraction du 19 septembre 2026 ; populatio",/fr/logiciel-courtier-assurance-bordeaux /fr/logiciel-courtier-assurance-lille /fr/logiciel-courtier-assurance-lyon /fr/logiciel-courtier-assurance-marseille /fr/logiciel-courtier-assurance-montpellier /fr/logiciel-courtier-assurance-nantes /fr/logiciel-courtier-assurance-nice /fr/logiciel-courtier-assurance-paris /fr/logiciel-courtier-assurance-strasbourg /fr/logiciel-courtier-assurance-toulouse
paragraphe,"Comptages publiés tels quels
    sur  la cartographie des courtiers en
    France .",/fr/logiciel-courtier-assurance-bordeaux /fr/logiciel-courtier-assurance-lille /fr/logiciel-courtier-assurance-lyon /fr/logiciel-courtier-assurance-marseille /fr/logiciel-courtier-assurance-montpellier /fr/logiciel-courtier-assurance-nantes /fr/logiciel-courtier-assurance-nice /fr/logiciel-courtier-assurance-paris /fr/logiciel-courtier-assurance-strasbourg /fr/logiciel-courtier-assurance-toulouse
paragraphe,"Comment lire ces chiffres :  un  établissement  est un lieu d'activité,
    pas une entreprise (une structure avec trois",/fr/logiciel-courtier-assurance-bordeaux /fr/logiciel-courtier-assurance-lille /fr/logiciel-courtier-assurance-lyon /fr/logiciel-courtier-assurance-marseille /fr/logiciel-courtier-assurance-montpellier /fr/logiciel-courtier-assurance-nantes /fr/logiciel-courtier-assurance-nice /fr/logiciel-courtier-assurance-paris /fr/logiciel-courtier-assurance-strasbourg /fr/logiciel-courtier-assurance-toulouse
paragraphe,"La densité mesure une présence administrative, pas
    une concurrence : deux cabinets de la même ville peuvent viser de",/fr/logiciel-courtier-assurance-bordeaux /fr/logiciel-courtier-assurance-lille /fr/logiciel-courtier-assurance-lyon /fr/logiciel-courtier-assurance-marseille /fr/logiciel-courtier-assurance-montpellier /fr/logiciel-courtier-assurance-nantes /fr/logiciel-courtier-assurance-nice /fr/logiciel-courtier-assurance-paris /fr/logiciel-courtier-assurance-strasbourg /fr/logiciel-courtier-assurance-toulouse
paragraphe,"Ce que cela ne change pas :  COURTIA sert un cabinet quel que soit le nombre de
    confrères autour.",/fr/logiciel-courtier-assurance-bordeaux /fr/logiciel-courtier-assurance-lille /fr/logiciel-courtier-assurance-lyon /fr/logiciel-courtier-assurance-marseille /fr/logiciel-courtier-assurance-montpellier /fr/logiciel-courtier-assurance-nantes /fr/logiciel-courtier-assurance-nice /fr/logiciel-courtier-assurance-paris /fr/logiciel-courtier-assurance-strasbourg /fr/logiciel-courtier-assurance-toulouse
paragraphe,"Lancer la visite guidée 
   Demander une démo 
   Voir les tarifs  
   COURTIA —  logiciel gestion courtage ,
   CRM cou",/fr/logiciel-courtier-assurance-bordeaux /fr/logiciel-courtier-assurance-lille /fr/logiciel-courtier-assurance-lyon /fr/logiciel-courtier-assurance-marseille /fr/logiciel-courtier-assurance-montpellier /fr/logiciel-courtier-assurance-nantes /fr/logiciel-courtier-assurance-nice /fr/logiciel-courtier-assurance-paris /fr/logiciel-courtier-assurance-strasbourg /fr/logiciel-courtier-assurance-toulouse
paragraphe,"Ce que COURTIA n'est pas : un logiciel de comptabilité, un outil de
  prospection de masse, ni une garantie de conformit",/fr/logiciel-courtier-assurance-bordeaux /fr/logiciel-courtier-assurance-lille /fr/logiciel-courtier-assurance-lyon /fr/logiciel-courtier-assurance-marseille /fr/logiciel-courtier-assurance-montpellier /fr/logiciel-courtier-assurance-nantes /fr/logiciel-courtier-assurance-nice /fr/logiciel-courtier-assurance-paris /fr/logiciel-courtier-assurance-strasbourg /fr/logiciel-courtier-assurance-toulouse
paragraphe,"COURTIA est un logiciel de
  gestion du courtage et un CRM pour cabinets de courtiers d'assurance : il structure
  et tr",/fr/logiciel-courtier-assurance-bordeaux /fr/logiciel-courtier-assurance-lille /fr/logiciel-courtier-assurance-lyon /fr/logiciel-courtier-assurance-marseille /fr/logiciel-courtier-assurance-montpellier /fr/logiciel-courtier-assurance-nantes /fr/logiciel-courtier-assurance-nice /fr/logiciel-courtier-assurance-paris /fr/logiciel-courtier-assurance-strasbourg /fr/logiciel-courtier-assurance-toulouse
paragraphe,"Pour aller plus loin dans COURTIA 
   Par métier 
   
        Courtier d'assurance (multi-branches)  
        Courtier I",/fr/logiciel-courtier-assurance-bordeaux /fr/logiciel-courtier-assurance-lille /fr/logiciel-courtier-assurance-lyon /fr/logiciel-courtier-assurance-marseille /fr/logiciel-courtier-assurance-montpellier /fr/logiciel-courtier-assurance-nantes /fr/logiciel-courtier-assurance-nice /fr/logiciel-courtier-assurance-paris /fr/logiciel-courtier-assurance-strasbourg /fr/logiciel-courtier-assurance-toulouse
paragraphe,COURTIA adapte l'IA ARK à votre activité pour automatiser ce qui vous prend du temps.,/fr/logiciel-courtier-emprunteur /fr/logiciel-courtier-grossiste /fr/logiciel-courtier-iard /fr/logiciel-courtier-mandataire /fr/logiciel-courtier-multi-agences /fr/logiciel-courtier-prevoyance /fr/logiciel-courtier-tns
paragraphe,"Portefeuille centralisé, relances ciblées, conformité suivie : vous vous concentrez sur le conseil, ARK gère l'administr",/fr/logiciel-courtier-emprunteur /fr/logiciel-courtier-grossiste /fr/logiciel-courtier-iard /fr/logiciel-courtier-mandataire /fr/logiciel-courtier-multi-agences /fr/logiciel-courtier-prevoyance /fr/logiciel-courtier-tns
paragraphe,"Un cabinet exerce en France entière : la réponse utile à
      sa question est nationale, et le même texte décliné sur d",/fr/logiciel-courtier-emprunteur /fr/logiciel-courtier-grossiste /fr/logiciel-courtier-iard /fr/logiciel-courtier-mandataire /fr/logiciel-courtier-mutuelle /fr/logiciel-courtier-prevoyance /fr/logiciel-courtier-sante /fr/logiciel-courtier-tns
paragraphe,"Les seules entrées locales conservées sont celles qui portent un
      contenu propre sur leur tissu de courtage ; elles",/fr/logiciel-courtier-emprunteur /fr/logiciel-courtier-grossiste /fr/logiciel-courtier-iard /fr/logiciel-courtier-mandataire /fr/logiciel-courtier-mutuelle /fr/logiciel-courtier-prevoyance /fr/logiciel-courtier-sante /fr/logiciel-courtier-tns
paragraphe,"Pour aller à l'essentiel :  le logiciel de courtage 
      pour comparer les offres,  le CRM courtier assurance 
      p",/fr/logiciel-courtier-emprunteur /fr/logiciel-courtier-grossiste /fr/logiciel-courtier-iard /fr/logiciel-courtier-mandataire /fr/logiciel-courtier-mutuelle /fr/logiciel-courtier-prevoyance /fr/logiciel-courtier-sante /fr/logiciel-courtier-tns
paragraphe,"Voir l'outil sur un cas concret 
     La visite guidée déroule un cabinet fictif, avec des données synthétiques et sans
",/fr/logiciel-courtier-emprunteur /fr/logiciel-courtier-iard /fr/logiciel-courtier-mutuelle /fr/logiciel-courtier-prevoyance /fr/logiciel-courtier-sante
paragraphe,"Pour une démonstration sur votre portefeuille réel, la demande se fait
    en quelques lignes, et les tarifs publics son",/fr/logiciel-courtier-emprunteur /fr/logiciel-courtier-iard /fr/logiciel-courtier-mutuelle /fr/logiciel-courtier-prevoyance /fr/logiciel-courtier-sante
paragraphe,"Lancer la visite guidée 
     Demander une démo 
     Voir les tarifs  
   
   
 
   
     Le courtage, ville par ville ",/fr/logiciel-courtier-emprunteur /fr/logiciel-courtier-iard /fr/logiciel-courtier-mutuelle /fr/logiciel-courtier-prevoyance /fr/logiciel-courtier-sante
paragraphe,"Oui, l'outil et l'IA ARK s'adaptent aux produits et échéances propres à votre segment.",/fr/logiciel-courtier-emprunteur /fr/logiciel-courtier-grossiste /fr/logiciel-courtier-iard /fr/logiciel-courtier-mandataire /fr/logiciel-courtier-multi-agences /fr/logiciel-courtier-prevoyance /fr/logiciel-courtier-tns
