url,silo,lang,mots,title,title_len,meta_len,h1_nb,canonical,canonical_correct,indexable,schema,liens_sortants,liens_entrants,images,images_sans_alt,cta,http,verdict
/ch,ch,fr-CH,1385,Logiciel et CRM pour courtiers d'assurance en Suisse — COURTIA,62,167,1,https://courtiark.fr/ch,oui,oui,Answer|BreadcrumbList|Country|FAQPage|ListItem|Offer|Organization|Question|SoftwareApplication,12,32,0,0,oui,,OK
/ch/automatisation-courtier-assurance-suisse,ch,fr-CH,748,"Automatisation pour courtiers suisses : échéances, pièces, commissions — COURTIA",80,171,1,https://courtiark.fr/ch/automatisation-courtier-assurance-suisse,oui,oui,Answer|BreadcrumbList|Country|FAQPage|ListItem|Organization|Question|SoftwareApplication,10,6,0,0,oui,,OK
/ch/conformite-intermediaire-assurance-lsa-finma,ch,fr-CH,1160,Conformité courtier d'assurance en Suisse : obligations LSA et FINMA,68,153,1,https://courtiark.fr/ch/conformite-intermediaire-assurance-lsa-finma,oui,oui,Article|BreadcrumbList|ImageObject|ListItem|Organization|WebPage,11,17,0,0,oui,,OK
/ch/crm-courtier-assurance-suisse,ch,fr-CH,1085,CRM pour courtier d'assurance en Suisse : le dossier client 360° — COURTIA,74,145,1,https://courtiark.fr/ch/crm-courtier-assurance-suisse,oui,oui,Answer|BreadcrumbList|FAQPage|ListItem|Organization|Question,10,14,0,0,oui,,OK
/ch/gestion-cabinet-courtage-suisse,ch,fr-CH,606,Gestion d'un cabinet de courtage en Suisse — COURTIA,52,154,1,https://courtiark.fr/ch/gestion-cabinet-courtage-suisse,oui,oui,Answer|BreadcrumbList|Country|FAQPage|ListItem|Organization|Question|SoftwareApplication,8,4,0,0,oui,,OK
/ch/gestion-commissions-courtier-assurance-suisse,ch,fr-CH,1193,Gestion des commissions d'un courtier d'assurance en Suisse — COURTIA,69,136,1,https://courtiark.fr/ch/gestion-commissions-courtier-assurance-suisse,oui,oui,Answer|BreadcrumbList|FAQPage|ListItem|Organization|Question,11,22,0,0,oui,,OK
/ch/gestion-documentaire-courtier-assurance-suisse,ch,fr-CH,627,Gestion documentaire d'un courtier suisse : pièces et traçabilité — COURTIA,75,151,1,https://courtiark.fr/ch/gestion-documentaire-courtier-assurance-suisse,oui,oui,Answer|BreadcrumbList|Country|FAQPage|ListItem|Organization|Question|SoftwareApplication,8,5,0,0,oui,,OK
/ch/gestion-portefeuille-assurance-suisse,ch,fr-CH,1057,Gestion de portefeuille d'assurance en Suisse — contrats et échéances | COURTIA,79,145,1,https://courtiark.fr/ch/gestion-portefeuille-assurance-suisse,oui,oui,Answer|BreadcrumbList|FAQPage|ListItem|Organization|Question,11,16,0,0,oui,,OK
/ch/glossaire,ch,fr-CH,668,Glossaire suisse du courtage d'assurance — COURTIA,50,173,1,https://courtiark.fr/ch/glossaire,oui,oui,Answer|BreadcrumbList|Country|FAQPage|ListItem|Organization|Question|SoftwareApplication,9,3,0,0,oui,,OK
/ch/ia-courtier-assurance-suisse,ch,fr-CH,1384,"IA pour courtier d'assurance en Suisse — ARK, l'assistance de COURTIA",69,162,1,https://courtiark.fr/ch/ia-courtier-assurance-suisse,oui,oui,Answer|BreadcrumbList|FAQPage|ListItem|Organization|Question,11,11,0,0,oui,,OK
/ch/import-portefeuille-courtier-assurance-suisse,ch,fr-CH,583,Changer de logiciel de courtage en Suisse : reprendre son portefeuille — COURTIA,80,170,1,https://courtiark.fr/ch/import-portefeuille-courtier-assurance-suisse,oui,oui,Answer|BreadcrumbList|Country|FAQPage|ListItem|Organization|Question|SoftwareApplication,8,3,0,0,oui,,OK
/ch/logiciel-courtier-assurance-suisse,ch,fr-CH,795,"Logiciel courtier assurance Suisse : dossier client, LSA, CHF — COURTIA",71,171,1,https://courtiark.fr/ch/logiciel-courtier-assurance-suisse,oui,oui,Answer|BreadcrumbList|Country|FAQPage|ListItem|Offer|Organization|Question|SoftwareApplication,10,19,0,0,oui,,OK
/ch/logiciel-devis-courtier-assurance-suisse,ch,fr-CH,1119,Devis d'assurance en Suisse : produire et suivre ses propositions — COURTIA,75,148,1,https://courtiark.fr/ch/logiciel-devis-courtier-assurance-suisse,oui,oui,Answer|BreadcrumbList|FAQPage|ListItem|Organization|Question,11,12,0,0,oui,,OK
/ch/logiciel-intermediaire-assurance-suisse,ch,fr-CH,600,Logiciel pour intermédiaire d'assurance en Suisse — COURTIA,59,133,1,https://courtiark.fr/ch/logiciel-intermediaire-assurance-suisse,oui,oui,Answer|BreadcrumbList|Country|FAQPage|ListItem|Organization|Question|SoftwareApplication,8,7,0,0,oui,,OK
/ch/logiciel-prospection-courtier-assurance-suisse,ch,fr-CH,1143,Logiciel de prospection pour courtier d'assurance en Suisse — COURTIA,69,137,1,https://courtiark.fr/ch/logiciel-prospection-courtier-assurance-suisse,oui,oui,Answer|BreadcrumbList|FAQPage|ListItem|Organization|Question,11,11,0,0,oui,,OK
/ch/nlpd-courtier-assurance,ch,fr-CH,525,Données personnelles d'un courtier suisse : ce que la nLPD change — COURTIA,75,144,1,https://courtiark.fr/ch/nlpd-courtier-assurance,oui,oui,Answer|BreadcrumbList|Country|FAQPage|ListItem|Organization|Question|SoftwareApplication,8,6,0,0,oui,,OK
/ch/outils/calculateur-temps-administratif-suisse,ch,fr-CH,421,Calculateur du temps administratif en Suisse (CHF) — COURTIA,60,161,1,https://courtiark.fr/ch/outils/calculateur-temps-administratif-suisse,oui,oui,Answer|BreadcrumbList|Country|FAQPage|ListItem|Organization|Question|SoftwareApplication,8,1,0,0,oui,,OK
/ch/partenaires-apporteurs-courtier-assurance-suisse,ch,fr-CH,414,Partenaires et apporteurs d'un cabinet suisse — COURTIA,55,149,1,https://courtiark.fr/ch/partenaires-apporteurs-courtier-assurance-suisse,oui,oui,Answer|BreadcrumbList|Country|FAQPage|ListItem|Organization|Question|SoftwareApplication,8,1,0,0,oui,,OK
/ch/portail-client-assurance-suisse,ch,fr-CH,573,Dépôt de pièces par le preneur d'assurance en Suisse — COURTIA,62,82,1,https://courtiark.fr/ch/portail-client-assurance-suisse,oui,oui,Answer|BreadcrumbList|Country|FAQPage|ListItem|Organization|Question|SoftwareApplication,8,3,0,0,oui,,OK
/ch/relances-courtier-assurance-suisse,ch,fr-CH,1084,Relances et tâches pour courtier d'assurance en Suisse — COURTIA,64,146,1,https://courtiark.fr/ch/relances-courtier-assurance-suisse,oui,oui,Answer|BreadcrumbList|FAQPage|ListItem|Organization|Question,11,13,0,0,oui,,OK
/ch/reporting-pilotage-courtier-assurance-suisse,ch,fr-CH,588,Pilotage d'un cabinet de courtage suisse : indicateurs utiles — COURTIA,71,166,1,https://courtiark.fr/ch/reporting-pilotage-courtier-assurance-suisse,oui,oui,Answer|BreadcrumbList|Country|FAQPage|ListItem|Organization|Question|SoftwareApplication,8,2,0,0,oui,,OK
/ch/sinistres-courtier-assurance-suisse,ch,fr-CH,480,Suivre un sinistre en Suisse — COURTIA,38,150,1,https://courtiark.fr/ch/sinistres-courtier-assurance-suisse,oui,oui,Answer|BreadcrumbList|Country|FAQPage|ListItem|Organization|Question|SoftwareApplication,8,2,0,0,oui,,OK
/ch/tarifs-logiciel-courtier-chf,ch,fr-CH,613,Tarifs en CHF d'un logiciel de courtage d'assurance en Suisse — COURTIA,71,173,1,https://courtiark.fr/ch/tarifs-logiciel-courtier-chf,oui,oui,BreadcrumbList|ListItem|Offer|Organization|SoftwareApplication,10,16,0,0,oui,,OK
/ch/workflows-courtier-assurance-suisse,ch,fr-CH,803,Processus pour courtiers en Suisse — COURTIA,44,157,1,https://courtiark.fr/ch/workflows-courtier-assurance-suisse,oui,oui,Answer|BreadcrumbList|Country|FAQPage|ListItem|Organization|Question|SoftwareApplication,9,2,0,0,oui,,OK
/fr,fr,fr-FR,1111,Logiciel et CRM pour courtiers d'assurance en France — COURTIA,62,175,1,https://courtiark.fr/fr,oui,oui,Answer|BreadcrumbList|FAQPage|ListItem|Offer|Organization|Question|SoftwareApplication,42,120,0,0,oui,,OK
/fr/alternative-courtigo,fr,fr,645,Alternative à CourtiGo : pourquoi les courtiers passent à COURTIA · courtiark.fr,80,144,1,https://courtiark.fr/fr/alternative-courtigo,oui,oui,Answer|BreadcrumbList|FAQPage|ListItem|Organization|Question,2,11,0,0,oui,,OK
/fr/alternative-kase,fr,fr,639,Alternative à Kase : pourquoi les courtiers passent à COURTIA · courtiark.fr,76,140,1,https://courtiark.fr/fr/alternative-kase,oui,oui,Answer|BreadcrumbList|FAQPage|ListItem|Organization|Question,2,11,0,0,oui,,OK
/fr/alternative-lya,fr,fr,650,Alternative à Lya : pourquoi les courtiers passent à COURTIA · courtiark.fr,75,139,1,https://courtiark.fr/fr/alternative-lya,oui,oui,Answer|BreadcrumbList|FAQPage|ListItem|Organization|Question,2,11,0,0,oui,,OK
/fr/alternative-oggo-data,fr,fr,632,Alternative à Oggo Data : pourquoi les courtiers passent à COURTIA,66,145,1,https://courtiark.fr/fr/alternative-oggo-data,oui,oui,Answer|BreadcrumbList|FAQPage|ListItem|Organization|Question,2,12,0,0,oui,,OK
/fr/automatisation-courtier-assurance,fr,fr-FR,763,"Automatisation courtier assurance : relances, tâches et documents — COURTIA",75,160,1,https://courtiark.fr/fr/automatisation-courtier-assurance,oui,oui,Answer|BreadcrumbList|Country|FAQPage|ListItem|Organization|Question|SoftwareApplication,8,21,0,0,oui,,OK
/fr/cartographie-courtiers-assurance-france,fr,fr-FR,897,Cartographie des courtiers d'assurance en France : les chiffres SIRENE,70,168,1,https://courtiark.fr/fr/cartographie-courtiers-assurance-france,oui,oui,Answer|BreadcrumbList|Country|FAQPage|ListItem|Organization|Question|SoftwareApplication,8,13,0,0,oui,,OK
/fr/checklists,fr,fr-FR,448,Checklists pour cabinet de courtage — COURTIA,45,168,1,https://courtiark.fr/fr/checklists,oui,oui,Answer|BreadcrumbList|Country|FAQPage|ListItem|Organization|Question|SoftwareApplication,12,10,0,0,oui,,OK
/fr/checklists/collecte-documentaire,fr,fr-FR,397,Checklist : collecte documentaire — COURTIA,43,84,1,https://courtiark.fr/fr/checklists/collecte-documentaire,oui,oui,Answer|BreadcrumbList|Country|FAQPage|ListItem|Organization|Question|SoftwareApplication,8,4,0,0,oui,,OK
/fr/checklists/onboarding-client,fr,fr-FR,434,Checklist : onboarding d'un client signé — COURTIA,50,117,1,https://courtiark.fr/fr/checklists/onboarding-client,oui,oui,Answer|BreadcrumbList|Country|FAQPage|ListItem|Organization|Question|SoftwareApplication,8,3,0,0,oui,,OK
/fr/checklists/organisation-cabinet,fr,fr-FR,383,Checklist : organisation du cabinet — COURTIA,45,125,1,https://courtiark.fr/fr/checklists/organisation-cabinet,oui,oui,Answer|BreadcrumbList|Country|FAQPage|ListItem|Organization|Question|SoftwareApplication,8,2,0,0,oui,,OK
/fr/checklists/preparation-audit,fr,fr-FR,434,Checklist : préparer un contrôle dans un cabinet de courtage — COURTIA,70,119,1,https://courtiark.fr/fr/checklists/preparation-audit,oui,oui,Answer|BreadcrumbList|Country|FAQPage|ListItem|Organization|Question|SoftwareApplication,8,4,0,0,oui,,OK
/fr/checklists/renouvellement,fr,fr-FR,404,Checklist : renouvellement d'un contrat — COURTIA,49,114,1,https://courtiark.fr/fr/checklists/renouvellement,oui,oui,Answer|BreadcrumbList|Country|FAQPage|ListItem|Organization|Question|SoftwareApplication,8,5,0,0,oui,,OK
/fr/checklists/suivi-sinistre,fr,fr-FR,377,Checklist : suivi d'un sinistre — COURTIA,41,104,1,https://courtiark.fr/fr/checklists/suivi-sinistre,oui,oui,Answer|BreadcrumbList|Country|FAQPage|ListItem|Organization|Question|SoftwareApplication,8,5,0,0,oui,,OK
/fr/comparateur-assurance-courtier,fr,fr-FR,547,"Comparateur pour courtier d'assurance : comparer des propositions, pas des",74,171,1,https://courtiark.fr/fr/comparateur-assurance-courtier,oui,oui,Answer|BreadcrumbList|Country|FAQPage|ListItem|Organization|Question|SoftwareApplication,8,4,0,0,oui,,OK
/fr/comparatif/automatisation-vs-gestion-manuelle,fr,fr-FR,643,Automatiser ou continuer à la main : la frontière utile — COURTIA,65,147,1,https://courtiark.fr/fr/comparatif/automatisation-vs-gestion-manuelle,oui,oui,Answer|BreadcrumbList|Country|FAQPage|ListItem|Organization|Question|SoftwareApplication,8,1,0,0,oui,,OK
/fr/comparatif/crm-courtier-vs-excel,fr,fr-FR,548,CRM courtier ou Excel : ce que le tableur ne peut pas tenir — COURTIA,69,158,1,https://courtiark.fr/fr/comparatif/crm-courtier-vs-excel,oui,oui,Answer|BreadcrumbList|Country|FAQPage|ListItem|Organization|Question|SoftwareApplication,8,3,0,0,oui,,OK
/fr/comparatif/crm-specialise-vs-crm-generaliste,fr,fr-FR,555,CRM spécialisé courtage ou CRM généraliste : ce qui change — COURTIA,68,175,1,https://courtiark.fr/fr/comparatif/crm-specialise-vs-crm-generaliste,oui,oui,Answer|BreadcrumbList|Country|FAQPage|ListItem|Organization|Question|SoftwareApplication,8,8,0,0,oui,,OK
/fr/conformite-courtier-assurance,fr,fr-FR,476,"Conformité du cabinet de courtage : DDA, KYC, mandats — COURTIA",63,159,1,https://courtiark.fr/fr/conformite-courtier-assurance,oui,oui,Answer|BreadcrumbList|Country|FAQPage|ListItem|Organization|Question|SoftwareApplication,8,7,0,0,oui,,OK
/fr/courtia-logiciel-courtage-assurance,fr,fr-FR,525,COURTIA : le logiciel de gestion pour courtiers en assurance — éditeur,70,137,1,https://courtiark.fr/fr/courtia-logiciel-courtage-assurance,oui,oui,Answer|BreadcrumbList|Country|FAQPage|ListItem|Organization|Question|SoftwareApplication,11,4,0,0,oui,,OK
/fr/crm-courtier-assurance,fr,fr-FR,1014,"CRM courtier assurance : centraliser clients, contrats et relances — COURTIA",76,175,1,https://courtiark.fr/fr/crm-courtier-assurance,oui,oui,Answer|BreadcrumbList|Country|FAQPage|ListItem|Offer|Organization|Question|SoftwareApplication,9,28,0,0,oui,,OK
/fr/demo-et-essai-gratuit,fr,fr-FR,557,Voir COURTIA : démonstration publique et essai gratuit — COURTIA,64,171,1,https://courtiark.fr/fr/demo-et-essai-gratuit,oui,oui,Answer|BreadcrumbList|Country|FAQPage|ListItem|Organization|Question|SoftwareApplication,10,3,0,0,oui,,OK
/fr/dicter-compte-rendu-appel-assurance,fr,fr-FR,428,Dicter un compte rendu d'appel et préremplir la fiche — COURTIA,63,147,1,https://courtiark.fr/fr/dicter-compte-rendu-appel-assurance,oui,oui,Answer|BreadcrumbList|Country|FAQPage|ListItem|Organization|Question|SoftwareApplication,8,2,0,0,oui,,OK
/fr/evaluer-crm-courtier-assurance,fr,fr-FR,694,Comment évaluer un CRM pour courtier en assurance — COURTIA,59,166,1,https://courtiark.fr/fr/evaluer-crm-courtier-assurance,oui,oui,Answer|BreadcrumbList|Country|FAQPage|ListItem|Organization|Question|SoftwareApplication,8,5,0,0,oui,,OK
/fr/formation-equipe-courtier-assurance,fr,fr-FR,512,Former son équipe de courtage dans l'outil — COURTIA,52,139,1,https://courtiark.fr/fr/formation-equipe-courtier-assurance,oui,oui,Answer|BreadcrumbList|Country|FAQPage|ListItem|Organization|Question|SoftwareApplication,8,1,0,0,oui,,OK
/fr/gagner-du-temps-courtier-assurance,fr,fr-FR,1074,Gagner du temps en cabinet de courtage : où le temps se perd vraiment — COURTIA,79,164,1,https://courtiark.fr/fr/gagner-du-temps-courtier-assurance,oui,oui,Answer|BreadcrumbList|Country|FAQPage|ListItem|Organization|Question|SoftwareApplication,19,25,0,0,oui,,OK
/fr/gain-de-temps/commissions-et-pilotage,fr,fr-FR,675,Commissions et pilotage — gagner du temps au cabinet,52,130,1,https://courtiark.fr/fr/gain-de-temps/commissions-et-pilotage,oui,oui,Answer|BreadcrumbList|Country|FAQPage|ListItem|Organization|Question|SoftwareApplication,8,4,0,0,oui,,OK
/fr/gain-de-temps/documents-et-pieces,fr,fr-FR,716,"Documents et pièces : collecter, classer, exploiter — gagner du temps",69,154,1,https://courtiark.fr/fr/gain-de-temps/documents-et-pieces,oui,oui,Answer|BreadcrumbList|Country|FAQPage|ListItem|Organization|Question|SoftwareApplication,8,5,0,0,oui,,OK
/fr/gain-de-temps/relances-et-suivi-client,fr,fr-FR,771,Relances et suivi client — gagner du temps au cabinet,53,169,1,https://courtiark.fr/fr/gain-de-temps/relances-et-suivi-client,oui,oui,Answer|BreadcrumbList|Country|FAQPage|ListItem|Organization|Question|SoftwareApplication,9,4,0,0,oui,,OK
/fr/gain-de-temps/renouvellements-et-echeances,fr,fr-FR,652,Renouvellements et échéances — gagner du temps au cabinet,57,147,1,https://courtiark.fr/fr/gain-de-temps/renouvellements-et-echeances,oui,oui,Answer|BreadcrumbList|Country|FAQPage|ListItem|Organization|Question|SoftwareApplication,8,6,0,0,oui,,OK
/fr/gain-de-temps/sinistres-et-conformite,fr,fr-FR,651,Sinistres et conformité — gagner du temps au cabinet,52,164,1,https://courtiark.fr/fr/gain-de-temps/sinistres-et-conformite,oui,oui,Answer|BreadcrumbList|Country|FAQPage|ListItem|Organization|Question|SoftwareApplication,8,4,0,0,oui,,OK
/fr/gain-de-temps/temps-administratif-et-double-saisie,fr,fr-FR,770,Temps administratif et double saisie — gagner du temps au cabinet,65,119,1,https://courtiark.fr/fr/gain-de-temps/temps-administratif-et-double-saisie,oui,oui,Answer|BreadcrumbList|Country|FAQPage|ListItem|Organization|Question|SoftwareApplication,9,2,0,0,oui,,OK
/fr/gestion-commissions-courtier-assurance,fr,fr-FR,443,Gestion des commissions d'un cabinet de courtage — COURTIA,58,137,1,https://courtiark.fr/fr/gestion-commissions-courtier-assurance,oui,oui,Answer|BreadcrumbList|Country|FAQPage|ListItem|Organization|Question|SoftwareApplication,7,4,0,0,oui,,OK
/fr/gestion-documentaire-courtier-assurance,fr,fr-FR,580,"Gestion documentaire du courtier : pièces, documents, traçabilité — COURTIA",75,164,1,https://courtiark.fr/fr/gestion-documentaire-courtier-assurance,oui,oui,Answer|BreadcrumbList|Country|FAQPage|ListItem|Organization|Question|SoftwareApplication,8,19,0,0,oui,,OK
/fr/gestion-portefeuille-courtier,fr,fr-FR,550,"Gestion de portefeuille courtier : contrats, échéances, renouvellements —",73,167,1,https://courtiark.fr/fr/gestion-portefeuille-courtier,oui,oui,Answer|BreadcrumbList|Country|FAQPage|ListItem|Organization|Question|SoftwareApplication,10,18,0,0,oui,,OK
/fr/gestion-prospects-clients-courtier-assurance,fr,fr-FR,594,Gérer prospects et clients dans un cabinet de courtage — COURTIA,64,161,1,https://courtiark.fr/fr/gestion-prospects-clients-courtier-assurance,oui,oui,Answer|BreadcrumbList|Country|FAQPage|ListItem|Organization|Question|SoftwareApplication,9,7,0,0,oui,,OK
/fr/gestion-taches-cabinet-courtage,fr,fr-FR,470,Gestion des tâches d'un cabinet de courtage — COURTIA,53,130,1,https://courtiark.fr/fr/gestion-taches-cabinet-courtage,oui,oui,Answer|BreadcrumbList|Country|FAQPage|ListItem|Organization|Question|SoftwareApplication,8,3,0,0,oui,,OK
/fr/glossaire,fr,fr-FR,434,Glossaire du courtage d'assurance — COURTIA,43,165,1,https://courtiark.fr/fr/glossaire,oui,oui,Answer|BreadcrumbList|Country|FAQPage|ListItem|Organization|Question|SoftwareApplication,22,18,0,0,oui,,OK
/fr/glossaire/commissions,fr,fr-FR,359,Commission de courtage : définition et usage en cabinet — COURTIA,65,141,1,https://courtiark.fr/fr/glossaire/commissions,oui,oui,Answer|BreadcrumbList|Country|FAQPage|ListItem|Organization|Question|SoftwareApplication,8,2,0,0,oui,,OK
/fr/glossaire/courtier-assurance,fr,fr-FR,357,Courtier d'assurance : définition et usage en cabinet — COURTIA,63,139,1,https://courtiark.fr/fr/glossaire/courtier-assurance,oui,oui,Answer|BreadcrumbList|Country|FAQPage|ListItem|Organization|Question|SoftwareApplication,8,2,0,0,oui,,OK
/fr/glossaire/dda,fr,fr-FR,327,DDA (directive sur la distribution d'assurances) : définition et usage en —,75,167,1,https://courtiark.fr/fr/glossaire/dda,oui,oui,Answer|BreadcrumbList|Country|FAQPage|ListItem|Organization|Question|SoftwareApplication,8,2,0,0,oui,,OK
/fr/glossaire/devoir-de-conseil,fr,fr-FR,366,Devoir de conseil : définition et usage en cabinet — COURTIA,60,136,1,https://courtiark.fr/fr/glossaire/devoir-de-conseil,oui,oui,Answer|BreadcrumbList|Country|FAQPage|ListItem|Organization|Question|SoftwareApplication,8,3,0,0,oui,,OK
/fr/glossaire/echeance-contrat,fr,fr-FR,323,Échéance de contrat : définition et usage en cabinet — COURTIA,62,138,1,https://courtiark.fr/fr/glossaire/echeance-contrat,oui,oui,Answer|BreadcrumbList|Country|FAQPage|ListItem|Organization|Question|SoftwareApplication,8,2,0,0,oui,,OK
/fr/glossaire/finma,fr,fr-FR,328,FINMA (Suisse) : définition et usage en cabinet — COURTIA,57,133,1,https://courtiark.fr/fr/glossaire/finma,oui,oui,Answer|BreadcrumbList|Country|FAQPage|ListItem|Organization|Question|SoftwareApplication,8,2,0,0,oui,,OK
/fr/glossaire/intermediaire-assurance,fr,fr-FR,334,Intermédiaire d'assurance (Suisse) : définition et usage en cabinet — COURTIA,77,153,1,https://courtiark.fr/fr/glossaire/intermediaire-assurance,oui,oui,Answer|BreadcrumbList|Country|FAQPage|ListItem|Organization|Question|SoftwareApplication,8,2,0,0,oui,,OK
/fr/glossaire/logiciel-courtier,fr,fr-FR,345,Logiciel de courtier (CRM de courtage) : définition et usage en cabinet —,73,157,1,https://courtiark.fr/fr/glossaire/logiciel-courtier,oui,oui,Answer|BreadcrumbList|Country|FAQPage|ListItem|Organization|Question|SoftwareApplication,8,2,0,0,oui,,OK
/fr/glossaire/nlpd,fr,fr-FR,338,nLPD (Suisse) : définition et usage en cabinet — COURTIA,56,132,1,https://courtiark.fr/fr/glossaire/nlpd,oui,oui,Answer|BreadcrumbList|Country|FAQPage|ListItem|Organization|Question|SoftwareApplication,8,2,0,0,oui,,OK
/fr/glossaire/onboarding-client,fr,fr-FR,313,Onboarding client : définition et usage en cabinet — COURTIA,60,136,1,https://courtiark.fr/fr/glossaire/onboarding-client,oui,oui,Answer|BreadcrumbList|Country|FAQPage|ListItem|Organization|Question|SoftwareApplication,8,2,0,0,oui,,OK
/fr/glossaire/pipeline,fr,fr-FR,325,Pipeline commercial : définition et usage en cabinet — COURTIA,62,138,1,https://courtiark.fr/fr/glossaire/pipeline,oui,oui,Answer|BreadcrumbList|Country|FAQPage|ListItem|Organization|Question|SoftwareApplication,8,2,0,0,oui,,OK
/fr/glossaire/portefeuille,fr,fr-FR,328,Portefeuille de contrats : définition et usage en cabinet — COURTIA,67,143,1,https://courtiark.fr/fr/glossaire/portefeuille,oui,oui,Answer|BreadcrumbList|Country|FAQPage|ListItem|Organization|Question|SoftwareApplication,8,2,0,0,oui,,OK
/fr/glossaire/prospect,fr,fr-FR,324,Prospect : définition et usage en cabinet — COURTIA,51,127,1,https://courtiark.fr/fr/glossaire/prospect,oui,oui,Answer|BreadcrumbList|Country|FAQPage|ListItem|Organization|Question|SoftwareApplication,8,2,0,0,oui,,OK
/fr/glossaire/relance,fr,fr-FR,317,Relance : définition et usage en cabinet — COURTIA,50,126,1,https://courtiark.fr/fr/glossaire/relance,oui,oui,Answer|BreadcrumbList|Country|FAQPage|ListItem|Organization|Question|SoftwareApplication,8,2,0,0,oui,,OK
/fr/glossaire/sinistre,fr,fr-FR,335,Sinistre : définition et usage en cabinet — COURTIA,51,127,1,https://courtiark.fr/fr/glossaire/sinistre,oui,oui,Answer|BreadcrumbList|Country|FAQPage|ListItem|Organization|Question|SoftwareApplication,8,2,0,0,oui,,OK
/fr/guide/audit-acpr,fr,fr,731,Audit ACPR : la check-list — Guide COURTIA · courtiark.fr,57,67,1,https://courtiark.fr/fr/guide/audit-acpr,oui,oui,Answer|BreadcrumbList|FAQPage|ListItem|Organization|Question,2,13,0,0,oui,,OK
/fr/guide/automatiser-relances-courtier,fr,fr-FR,534,Automatiser les relances d'un cabinet de courtage — COURTIA,59,158,1,https://courtiark.fr/fr/guide/automatiser-relances-courtier,oui,oui,Answer|BreadcrumbList|Country|FAQPage|ListItem|Organization|Question|SoftwareApplication,8,6,0,0,oui,,OK
/fr/guide/centraliser-dossiers-clients,fr,fr-FR,518,Centraliser ses dossiers clients : méthode pour un cabinet — COURTIA,68,150,1,https://courtiark.fr/fr/guide/centraliser-dossiers-clients,oui,oui,Answer|BreadcrumbList|Country|FAQPage|ListItem|Organization|Question|SoftwareApplication,8,1,0,0,oui,,OK
/fr/guide/choisir-crm-cabinet-courtage,fr,fr-FR,701,Comment choisir un CRM pour un cabinet de courtage : la grille — COURTIA,72,164,1,https://courtiark.fr/fr/guide/choisir-crm-cabinet-courtage,oui,oui,Answer|BreadcrumbList|Country|FAQPage|ListItem|Organization|Question|SoftwareApplication,8,7,0,0,oui,,OK
/fr/guide/conformite-2026,fr,fr,698,Conformité courtage 2026 : le calendrier — Guide COURTIA · courtiark.fr,71,63,1,https://courtiark.fr/fr/guide/conformite-2026,oui,oui,Answer|BreadcrumbList|FAQPage|ListItem|Organization|Question,2,11,0,0,oui,,OK
/fr/guide/dda-15h,fr,fr,748,DDA : prouver ses 15h de formation — Guide COURTIA · courtiark.fr,65,121,1,https://courtiark.fr/fr/guide/dda-15h,oui,oui,Answer|BreadcrumbList|FAQPage|ListItem|Organization|Question,2,17,0,0,oui,,OK
/fr/guide/devoir-de-conseil,fr,fr,714,Devoir de conseil du courtier — Guide COURTIA · courtiark.fr,60,92,1,https://courtiark.fr/fr/guide/devoir-de-conseil,oui,oui,Answer|BreadcrumbList|FAQPage|ListItem|Organization|Question,2,13,0,0,oui,,OK
/fr/guide/integrer-ia-cabinet-courtage,fr,fr-FR,567,Intégrer l'IA dans un cabinet de courtage : méthode — COURTIA,61,160,1,https://courtiark.fr/fr/guide/integrer-ia-cabinet-courtage,oui,oui,Answer|BreadcrumbList|Country|FAQPage|ListItem|Organization|Question|SoftwareApplication,8,3,0,0,oui,,OK
/fr/guide/ipid,fr,fr,700,IPID : le document d'information produit — Guide COURTIA · courtiark.fr,71,77,1,https://courtiark.fr/fr/guide/ipid,oui,oui,Answer|BreadcrumbList|FAQPage|ListItem|Organization|Question,2,11,0,0,oui,,OK
/fr/guide/lcb-ft,fr,fr,690,LCB-FT : conformité du courtier — Guide COURTIA · courtiark.fr,62,65,1,https://courtiark.fr/fr/guide/lcb-ft,oui,oui,Answer|BreadcrumbList|FAQPage|ListItem|Organization|Question,2,11,0,0,oui,,OK
/fr/guide/onboarding-client-courtier,fr,fr-FR,497,Onboarding client dans un cabinet de courtage : la méthode — COURTIA,68,172,1,https://courtiark.fr/fr/guide/onboarding-client-courtier,oui,oui,Answer|BreadcrumbList|Country|FAQPage|ListItem|Organization|Question|SoftwareApplication,8,3,0,0,oui,,OK
/fr/guide/organiser-renouvellements-courtier,fr,fr-FR,672,Organiser les renouvellements d'assurance : méthode cabinet — COURTIA,69,170,1,https://courtiark.fr/fr/guide/organiser-renouvellements-courtier,oui,oui,Answer|BreadcrumbList|Country|FAQPage|ListItem|Organization|Question|SoftwareApplication,8,6,0,0,oui,,OK
/fr/guide/reforme-courtage,fr,fr,718,Réforme du courtage : adhésion association — Guide COURTIA · courtiark.fr,73,84,1,https://courtiark.fr/fr/guide/reforme-courtage,oui,oui,Answer|BreadcrumbList|FAQPage|ListItem|Organization|Question,2,11,0,0,oui,,OK
/fr/guide/rgpd-courtier,fr,fr,731,RGPD pour courtiers : registre Art.30 — Guide COURTIA · courtiark.fr,68,74,1,https://courtiark.fr/fr/guide/rgpd-courtier,oui,oui,Answer|BreadcrumbList|FAQPage|ListItem|Organization|Question,2,11,0,0,oui,,OK
/fr/guide/sanctions-acpr,fr,fr,694,Sanctions ACPR : ce qu'il faut retenir — Guide COURTIA · courtiark.fr,69,80,1,https://courtiark.fr/fr/guide/sanctions-acpr,oui,oui,Answer|BreadcrumbList|FAQPage|ListItem|Organization|Question,2,11,0,0,oui,,OK
/fr/guide/structurer-pipeline-courtier,fr,fr-FR,534,Structurer un pipeline commercial de courtage : méthode — COURTIA,65,164,1,https://courtiark.fr/fr/guide/structurer-pipeline-courtier,oui,oui,Answer|BreadcrumbList|Country|FAQPage|ListItem|Organization|Question|SoftwareApplication,8,3,0,0,oui,,OK
/fr/guide/suivre-prospects-courtier,fr,fr-FR,501,Suivre ses prospects dans un cabinet de courtage : méthode — COURTIA,68,156,1,https://courtiark.fr/fr/guide/suivre-prospects-courtier,oui,oui,Answer|BreadcrumbList|Country|FAQPage|ListItem|Organization|Question|SoftwareApplication,8,5,0,0,oui,,OK
/fr/guide/verification-orias,fr,fr,700,Vérifier un numéro ORIAS — Guide COURTIA · courtiark.fr,55,67,1,https://courtiark.fr/fr/guide/verification-orias,oui,oui,Answer|BreadcrumbList|FAQPage|ListItem|Organization|Question,2,11,0,0,oui,,OK
/fr/historique-corrections-courtia,fr,fr-FR,603,Historique des corrections — COURTIA,36,134,1,https://courtiark.fr/fr/historique-corrections-courtia,oui,oui,Answer|BreadcrumbList|Country|FAQPage|ListItem|Organization|Question|SoftwareApplication,8,4,0,0,oui,,OK
/fr/ia-courtier-assurance,fr,fr-FR,715,IA pour courtier d'assurance : à quoi ça sert vraiment — COURTIA,64,161,1,https://courtiark.fr/fr/ia-courtier-assurance,oui,oui,Answer|BreadcrumbList|Country|FAQPage|ListItem|Offer|Organization|Question|SoftwareApplication,8,7,0,0,oui,,OK
/fr/ia-gestion-documentaire-assurance,fr,fr-FR,703,IA documentaire pour courtier : lire les pièces sans les recopier — COURTIA,75,162,1,https://courtiark.fr/fr/ia-gestion-documentaire-assurance,oui,oui,Answer|BreadcrumbList|Country|FAQPage|ListItem|Organization|Question|SoftwareApplication,8,6,0,0,oui,,OK
/fr/import-portefeuille-courtier-assurance,fr,fr-FR,535,Changer de logiciel de courtage : reprendre son portefeuille — COURTIA,70,126,1,https://courtiark.fr/fr/import-portefeuille-courtier-assurance,oui,oui,Answer|BreadcrumbList|Country|FAQPage|ListItem|Organization|Question|SoftwareApplication,8,6,0,0,oui,,OK
/fr/logiciel-courtier-assurance,fr,fr-FR,2374,"Logiciel courtier assurance : dossier, relances, commissions — COURTIA",70,183,1,https://courtiark.fr/fr/logiciel-courtier-assurance,oui,oui,Answer|BreadcrumbList|Country|FAQPage|ListItem|Offer|Organization|Question|SoftwareApplication,24,57,2,0,oui,,meta 183 car.
/fr/logiciel-courtier-assurance-bordeaux,fr,fr-FR,913,Logiciel courtier assurance à Bordeaux — CRM et automatisation,62,150,1,https://courtiark.fr/fr/logiciel-courtier-assurance-bordeaux,oui,oui,Answer|BreadcrumbList|City|FAQPage|ListItem|Offer|Organization|Question|SoftwareApplication,22,7,0,0,oui,,OK
/fr/logiciel-courtier-assurance-lille,fr,fr-FR,903,Logiciel courtier assurance à Lille — CRM et gestion,52,133,1,https://courtiark.fr/fr/logiciel-courtier-assurance-lille,oui,oui,Answer|BreadcrumbList|City|FAQPage|ListItem|Offer|Organization|Question|SoftwareApplication,22,7,0,0,oui,,OK
/fr/logiciel-courtier-assurance-lyon,fr,fr-FR,973,Logiciel courtier assurance à Lyon — CRM et automatisation,58,136,1,https://courtiark.fr/fr/logiciel-courtier-assurance-lyon,oui,oui,Answer|BreadcrumbList|City|FAQPage|ListItem|Offer|Organization|Question|SoftwareApplication,22,7,0,0,oui,,OK
/fr/logiciel-courtier-assurance-marseille,fr,fr-FR,928,Logiciel courtier assurance à Marseille — CRM et gestion,56,148,1,https://courtiark.fr/fr/logiciel-courtier-assurance-marseille,oui,oui,Answer|BreadcrumbList|City|FAQPage|ListItem|Offer|Organization|Question|SoftwareApplication,22,7,0,0,oui,,OK
/fr/logiciel-courtier-assurance-montpellier,fr,fr-FR,872,Logiciel courtier assurance à Montpellier — CRM et gestion,58,136,1,https://courtiark.fr/fr/logiciel-courtier-assurance-montpellier,oui,oui,Answer|BreadcrumbList|City|FAQPage|ListItem|Offer|Organization|Question|SoftwareApplication,22,7,0,0,oui,,OK
/fr/logiciel-courtier-assurance-nantes,fr,fr-FR,922,Logiciel courtier assurance à Nantes — CRM et automatisation,60,138,1,https://courtiark.fr/fr/logiciel-courtier-assurance-nantes,oui,oui,Answer|BreadcrumbList|City|FAQPage|ListItem|Offer|Organization|Question|SoftwareApplication,22,7,0,0,oui,,OK
/fr/logiciel-courtier-assurance-nice,fr,fr-FR,898,Logiciel courtier assurance à Nice — CRM et automatisation,58,140,1,https://courtiark.fr/fr/logiciel-courtier-assurance-nice,oui,oui,Answer|BreadcrumbList|City|FAQPage|ListItem|Offer|Organization|Question|SoftwareApplication,22,7,0,0,oui,,OK
/fr/logiciel-courtier-assurance-paris,fr,fr-FR,1081,"Logiciel courtier assurance à Paris — CRM, automatisation, démo",63,167,1,https://courtiark.fr/fr/logiciel-courtier-assurance-paris,oui,oui,Answer|BreadcrumbList|City|FAQPage|ListItem|Offer|Organization|Question|SoftwareApplication,22,7,0,0,oui,,OK
/fr/logiciel-courtier-assurance-strasbourg,fr,fr-FR,873,Logiciel courtier assurance à Strasbourg — CRM et automatisation,64,138,1,https://courtiark.fr/fr/logiciel-courtier-assurance-strasbourg,oui,oui,Answer|BreadcrumbList|City|FAQPage|ListItem|Offer|Organization|Question|SoftwareApplication,22,7,0,0,oui,,OK
/fr/logiciel-courtier-assurance-toulouse,fr,fr-FR,887,Logiciel courtier assurance à Toulouse — CRM et gestion,55,147,1,https://courtiark.fr/fr/logiciel-courtier-assurance-toulouse,oui,oui,Answer|BreadcrumbList|City|FAQPage|ListItem|Offer|Organization|Question|SoftwareApplication,22,7,0,0,oui,,OK
/fr/logiciel-courtier-auto,fr,fr-FR,610,"Logiciel pour courtier auto : contrats, flottes, échéances — COURTIA",68,165,1,https://courtiark.fr/fr/logiciel-courtier-auto,oui,oui,Answer|BreadcrumbList|Country|FAQPage|ListItem|Organization|Question|SoftwareApplication,8,2,0,0,oui,,OK
/fr/logiciel-courtier-decennale,fr,fr-FR,596,Logiciel courtier décennale et construction : suivi des dossiers — COURTIA,74,152,1,https://courtiark.fr/fr/logiciel-courtier-decennale,oui,oui,Answer|BreadcrumbList|Country|FAQPage|ListItem|Organization|Question|SoftwareApplication,8,2,0,0,oui,,OK
/fr/logiciel-courtier-emprunteur,fr,fr,786,Logiciel pour courtier assurance emprunteur — COURTIA · courtiark.fr,68,137,1,https://courtiark.fr/fr/logiciel-courtier-emprunteur,oui,oui,Answer|BreadcrumbList|FAQPage|ListItem|Organization|Question,14,11,0,0,oui,,OK
/fr/logiciel-courtier-entreprise,fr,fr-FR,605,"Logiciel pour courtier d'entreprise : risques pro, multi-sites — COURTIA",72,152,1,https://courtiark.fr/fr/logiciel-courtier-entreprise,oui,oui,Answer|BreadcrumbList|Country|FAQPage|ListItem|Organization|Question|SoftwareApplication,8,3,0,0,oui,,OK
/fr/logiciel-courtier-equipe,fr,fr-FR,499,Faire travailler une équipe de courtage dans un seul outil — COURTIA,68,169,1,https://courtiark.fr/fr/logiciel-courtier-equipe,oui,oui,Answer|BreadcrumbList|Country|FAQPage|ListItem|Organization|Question|SoftwareApplication,8,4,0,0,oui,,OK
/fr/logiciel-courtier-grossiste,fr,fr,599,Logiciel pour courtier grossiste — COURTIA · courtiark.fr,57,126,1,https://courtiark.fr/fr/logiciel-courtier-grossiste,oui,oui,Answer|BreadcrumbList|FAQPage|ListItem|Organization|Question,4,2,0,0,oui,,OK
/fr/logiciel-courtier-habitation,fr,fr-FR,604,Logiciel pour courtier habitation et MRH : suivi et échéances — COURTIA,71,153,1,https://courtiark.fr/fr/logiciel-courtier-habitation,oui,oui,Answer|BreadcrumbList|Country|FAQPage|ListItem|Organization|Question|SoftwareApplication,8,1,0,0,oui,,OK
/fr/logiciel-courtier-iard,fr,fr,761,Logiciel pour courtier IARD et risques pro — COURTIA · courtiark.fr,67,136,1,https://courtiark.fr/fr/logiciel-courtier-iard,oui,oui,Answer|BreadcrumbList|FAQPage|ListItem|Organization|Question,14,14,0,0,oui,,OK
/fr/logiciel-courtier-mandataire,fr,fr,603,Logiciel pour courtier mandataire d'assurance — COURTIA · courtiark.fr,70,139,1,https://courtiark.fr/fr/logiciel-courtier-mandataire,oui,oui,Answer|BreadcrumbList|FAQPage|ListItem|Organization|Question,4,3,0,0,oui,,OK
/fr/logiciel-courtier-multi-agences,fr,fr,801,Logiciel pour cabinet multi-agences — COURTIA · courtiark.fr,60,129,1,https://courtiark.fr/fr/logiciel-courtier-multi-agences,oui,oui,Answer|BreadcrumbList|FAQPage|ListItem|Organization|Question,2,2,0,0,oui,,OK
/fr/logiciel-courtier-mutuelle,fr,fr,646,Logiciel pour courtier mutuelle — COURTIA · courtiark.fr,56,141,1,https://courtiark.fr/fr/logiciel-courtier-mutuelle,oui,oui,Answer|BreadcrumbList|FAQPage|ListItem|Organization|Question,14,11,0,0,oui,,OK
/fr/logiciel-courtier-prevoyance,fr,fr,740,Logiciel pour courtier prévoyance — COURTIA · courtiark.fr,58,127,1,https://courtiark.fr/fr/logiciel-courtier-prevoyance,oui,oui,Answer|BreadcrumbList|FAQPage|ListItem|Organization|Question,14,11,0,0,oui,,OK
/fr/logiciel-courtier-renouvellements,fr,fr-FR,570,Gestion des renouvellements et des échéances — COURTIA,54,164,1,https://courtiark.fr/fr/logiciel-courtier-renouvellements,oui,oui,Answer|BreadcrumbList|Country|FAQPage|ListItem|Organization|Question|SoftwareApplication,9,2,0,0,oui,,OK
/fr/logiciel-courtier-sante,fr,fr,637,Logiciel pour courtier santé — COURTIA · courtiark.fr,53,138,1,https://courtiark.fr/fr/logiciel-courtier-sante,oui,oui,Answer|BreadcrumbList|FAQPage|ListItem|Organization|Question,14,11,0,0,oui,,OK
/fr/logiciel-courtier-tns,fr,fr,612,Logiciel pour courtier TNS et indépendants — COURTIA · courtiark.fr,67,136,1,https://courtiark.fr/fr/logiciel-courtier-tns,oui,oui,Answer|BreadcrumbList|FAQPage|ListItem|Organization|Question,4,2,0,0,oui,,OK
/fr/logiciel-courtier-transport-flotte,fr,fr-FR,575,Logiciel courtier transport et flotte : suivi multi-véhicules — COURTIA,71,147,1,https://courtiark.fr/fr/logiciel-courtier-transport-flotte,oui,oui,Answer|BreadcrumbList|Country|FAQPage|ListItem|Organization|Question|SoftwareApplication,8,3,0,0,oui,,OK
/fr/logiciel-devis-courtier-assurance,fr,fr-FR,604,"Devis d'assurance : produire, suivre, faire signer — COURTIA",60,174,1,https://courtiark.fr/fr/logiciel-devis-courtier-assurance,oui,oui,Answer|BreadcrumbList|Country|FAQPage|ListItem|Organization|Question|SoftwareApplication,8,6,0,0,oui,,OK
/fr/logiciel-gestion-cabinet-courtage,fr,fr-FR,543,"Logiciel de gestion de cabinet de courtage : équipe, commissions, pilotage —",76,172,1,https://courtiark.fr/fr/logiciel-gestion-cabinet-courtage,oui,oui,Answer|BreadcrumbList|Country|FAQPage|ListItem|Organization|Question|SoftwareApplication,8,7,0,0,oui,,OK
/fr/mesurer-temps-administratif-cabinet,fr,fr-FR,765,Mesurer le temps administratif d'un cabinet de courtage : la méthode,68,162,1,https://courtiark.fr/fr/mesurer-temps-administratif-cabinet,oui,oui,Answer|BreadcrumbList|Country|FAQPage|ListItem|Organization|Question|SoftwareApplication,8,14,0,0,oui,,OK
/fr/methode-editoriale-courtia,fr,fr-FR,578,Notre méthode éditoriale — COURTIA,34,172,1,https://courtiark.fr/fr/methode-editoriale-courtia,oui,oui,Answer|BreadcrumbList|Country|FAQPage|ListItem|Organization|Question|SoftwareApplication,8,4,0,0,oui,,OK
/fr/organisation-cabinet-courtage,fr,fr-FR,522,Organiser un cabinet de courtage : méthodes et outils — COURTIA,63,170,1,https://courtiark.fr/fr/organisation-cabinet-courtage,oui,oui,Answer|BreadcrumbList|Country|FAQPage|ListItem|Organization|Question|SoftwareApplication,9,8,0,0,oui,,OK
/fr/outil-courtier-assurance,fr,fr-FR,772,Outil pour courtier d'assurance : ce qu'il doit réunir — COURTIA,64,172,1,https://courtiark.fr/fr/outil-courtier-assurance,oui,oui,Answer|BreadcrumbList|Country|FAQPage|ListItem|Organization|Question|SoftwareApplication,8,4,0,0,oui,,OK
/fr/outils,fr,fr-FR,430,Outils gratuits pour cabinet de courtage — COURTIA,50,167,1,https://courtiark.fr/fr/outils,oui,oui,Answer|BreadcrumbList|Country|FAQPage|ListItem|Organization|Question|SoftwareApplication,10,4,0,0,oui,,OK
/fr/outils/calculateur-manipulations-administratives,fr,fr-FR,519,Calculateur : manipulations administratives d'un cabinet — COURTIA,66,136,1,https://courtiark.fr/fr/outils/calculateur-manipulations-administratives,oui,oui,Answer|BreadcrumbList|Country|FAQPage|ListItem|Organization|Question|SoftwareApplication,8,1,0,0,oui,,OK
/fr/outils/calculateur-roi-courtia,fr,fr-FR,648,Calculateur de retour sur investissement — COURTIA,50,166,1,https://courtiark.fr/fr/outils/calculateur-roi-courtia,oui,oui,Answer|BreadcrumbList|Country|FAQPage|ListItem|Organization|Question|SoftwareApplication,9,6,0,0,oui,,OK
/fr/outils/calculateur-temps-administratif,fr,fr-FR,633,Calculateur du temps administratif d'un cabinet de courtage — COURTIA,69,172,1,https://courtiark.fr/fr/outils/calculateur-temps-administratif,oui,oui,Answer|BreadcrumbList|Country|FAQPage|ListItem|Organization|Question|SoftwareApplication,9,7,0,0,oui,,OK
/fr/outils/diagnostic-automatisation-cabinet,fr,fr-FR,622,Diagnostic d'automatisation d'un cabinet de courtage — COURTIA,62,175,1,https://courtiark.fr/fr/outils/diagnostic-automatisation-cabinet,oui,oui,Answer|BreadcrumbList|Country|FAQPage|ListItem|Organization|Question|SoftwareApplication,8,4,0,0,oui,,OK
/fr/partenaires-apporteurs-courtier-assurance,fr,fr-FR,410,Partenaires et apporteurs d'affaires d'un cabinet de courtage — COURTIA,71,127,1,https://courtiark.fr/fr/partenaires-apporteurs-courtier-assurance,oui,oui,Answer|BreadcrumbList|Country|FAQPage|ListItem|Organization|Question|SoftwareApplication,8,2,0,0,oui,,OK
/fr/pipeline-kanban-courtier-assurance,fr,fr-FR,429,Pipeline visuel pour cabinet de courtage (Kanban) — COURTIA,59,135,1,https://courtiark.fr/fr/pipeline-kanban-courtier-assurance,oui,oui,Answer|BreadcrumbList|Country|FAQPage|ListItem|Organization|Question|SoftwareApplication,8,4,0,0,oui,,OK
/fr/portail-client-courtier-assurance,fr,fr-FR,515,Ce que le client peut faire seul dans un cabinet de courtage — COURTIA,70,166,1,https://courtiark.fr/fr/portail-client-courtier-assurance,oui,oui,Answer|BreadcrumbList|Country|FAQPage|ListItem|Organization|Question|SoftwareApplication,8,3,0,0,oui,,OK
/fr/prioriser-dossiers-courtier-assurance,fr,fr-FR,522,Prioriser ses dossiers dans un cabinet de courtage — COURTIA,60,152,1,https://courtiark.fr/fr/prioriser-dossiers-courtier-assurance,oui,oui,Answer|BreadcrumbList|Country|FAQPage|ListItem|Organization|Question|SoftwareApplication,8,8,0,0,oui,,OK
/fr/reduire-double-saisie-cabinet-courtage,fr,fr-FR,527,Réduire la double saisie dans un cabinet de courtage — COURTIA,62,166,1,https://courtiark.fr/fr/reduire-double-saisie-cabinet-courtage,oui,oui,Answer|BreadcrumbList|Country|FAQPage|ListItem|Organization|Question|SoftwareApplication,8,7,0,0,oui,,OK
/fr/relance-client-assurance,fr,fr-FR,770,"Relances clients pour courtiers : suivre, préparer, envoyer — COURTIA",69,174,1,https://courtiark.fr/fr/relance-client-assurance,oui,oui,Answer|BreadcrumbList|Country|FAQPage|ListItem|Organization|Question|SoftwareApplication,9,18,0,0,oui,,OK
/fr/rendez-vous-courtier-assurance,fr,fr-FR,466,Rendez-vous et agenda d'un cabinet de courtage — COURTIA,56,128,1,https://courtiark.fr/fr/rendez-vous-courtier-assurance,oui,oui,Answer|BreadcrumbList|Country|FAQPage|ListItem|Organization|Question|SoftwareApplication,8,2,0,0,oui,,OK
/fr/reporting-pilotage-cabinet-courtage,fr,fr-FR,513,"Piloter un cabinet de courtage : indicateurs réels, décisions utiles — COURTIA",78,163,1,https://courtiark.fr/fr/reporting-pilotage-cabinet-courtage,oui,oui,Answer|BreadcrumbList|Country|FAQPage|ListItem|Organization|Question|SoftwareApplication,8,5,0,0,oui,,OK
/fr/sante-portefeuille-courtier-assurance,fr,fr-FR,464,Santé du portefeuille : quels dossiers risquent de partir — COURTIA,67,151,1,https://courtiark.fr/fr/sante-portefeuille-courtier-assurance,oui,oui,Answer|BreadcrumbList|Country|FAQPage|ListItem|Organization|Question|SoftwareApplication,8,3,0,0,oui,,OK
/fr/sinistres-courtier-assurance,fr,fr-FR,498,Suivi des sinistres en cabinet de courtage — COURTIA,52,142,1,https://courtiark.fr/fr/sinistres-courtier-assurance,oui,oui,Answer|BreadcrumbList|Country|FAQPage|ListItem|Organization|Question|SoftwareApplication,7,6,0,0,oui,,OK
/fr/sources-courtia,fr,fr-FR,505,Nos sources — COURTIA,21,162,1,https://courtiark.fr/fr/sources-courtia,oui,oui,Answer|BreadcrumbList|Country|FAQPage|ListItem|Organization|Question|SoftwareApplication,8,4,0,0,oui,,OK
/fr/tarifs-logiciel-courtier,fr,fr-FR,564,Tarifs du logiciel de courtage COURTIA — France (EUR),53,172,1,https://courtiark.fr/fr/tarifs-logiciel-courtier,oui,oui,Answer|BreadcrumbList|Country|FAQPage|ListItem|Organization|Question|SoftwareApplication,9,4,0,0,oui,,OK
/fr/whatsapp-courtier-assurance,fr,fr-FR,428,WhatsApp dans un cabinet de courtage : canal client suivi — COURTIA,67,150,1,https://courtiark.fr/fr/whatsapp-courtier-assurance,oui,oui,Answer|BreadcrumbList|Country|FAQPage|ListItem|Organization|Question|SoftwareApplication,7,1,0,0,oui,,OK
/fr/workflows-courtier-assurance,fr,fr-FR,622,Processus pour courtiers en assurance : la bibliothèque — COURTIA,65,166,1,https://courtiark.fr/fr/workflows-courtier-assurance,oui,oui,Answer|BreadcrumbList|Country|FAQPage|ListItem|Organization|Question|SoftwareApplication,12,14,0,0,oui,,OK
/fr/workflows/collecte-de-pieces,fr,fr-FR,558,Processus : collecte de pièces — bibliothèque courtier,54,135,1,https://courtiark.fr/fr/workflows/collecte-de-pieces,oui,oui,Answer|BreadcrumbList|Country|FAQPage|ListItem|Organization|Question|SoftwareApplication,8,4,0,0,oui,,OK
/fr/workflows/mandat-et-kyc,fr,fr-FR,509,Processus : mandat et vérification du client — bibliothèque courtier,68,146,1,https://courtiark.fr/fr/workflows/mandat-et-kyc,oui,oui,Answer|BreadcrumbList|Country|FAQPage|ListItem|Organization|Question|SoftwareApplication,8,4,0,0,oui,,OK
/fr/workflows/nouveau-prospect,fr,fr-FR,540,Processus : traiter un nouveau prospect — bibliothèque courtier,63,169,1,https://courtiark.fr/fr/workflows/nouveau-prospect,oui,oui,Answer|BreadcrumbList|Country|FAQPage|ListItem|Organization|Question|SoftwareApplication,8,4,0,0,oui,,OK
/fr/workflows/relance-de-devis,fr,fr-FR,525,Processus : relancer un devis sans y penser — bibliothèque courtier,67,151,1,https://courtiark.fr/fr/workflows/relance-de-devis,oui,oui,Answer|BreadcrumbList|Country|FAQPage|ListItem|Organization|Question|SoftwareApplication,8,2,0,0,oui,,OK
/fr/workflows/renouvellement,fr,fr-FR,552,Processus : renouvellement par paliers — bibliothèque courtier,62,138,1,https://courtiark.fr/fr/workflows/renouvellement,oui,oui,Answer|BreadcrumbList|Country|FAQPage|ListItem|Organization|Question|SoftwareApplication,8,4,0,0,oui,,OK
/fr/workflows/sinistre,fr,fr-FR,530,Processus : suivre un sinistre jusqu'à la clôture — bibliothèque courtier,73,128,1,https://courtiark.fr/fr/workflows/sinistre,oui,oui,Answer|BreadcrumbList|Country|FAQPage|ListItem|Organization|Question|SoftwareApplication,8,3,0,0,oui,,OK
