url,sitemap,http_status,in_sitemap
https://courtiark.fr/assurances,assurances.xml,200,oui
https://courtiark.fr/assurances/assurance-auto,assurances.xml,200,oui
https://courtiark.fr/assurances/multirisque-professionnelle,assurances.xml,200,oui
https://courtiark.fr/assurances/mutuelle-sante,assurances.xml,200,oui
https://courtiark.fr/assurances/prevoyance,assurances.xml,200,oui
https://courtiark.fr/assurances/rc-pro,assurances.xml,200,oui
https://courtiark.fr/comparatifs,comparatifs.xml,200,oui
https://courtiark.fr/comparatifs/crm-assurance-vs-crm-generaliste,comparatifs.xml,200,oui
https://courtiark.fr/comparatifs/excel-vs-crm-courtier-assurance,comparatifs.xml,200,oui
https://courtiark.fr/comparatifs/logiciel-metier-vs-crm-generaliste,comparatifs.xml,200,oui
https://courtiark.fr/,core.xml,200,oui
https://courtiark.fr/automatisation-courtier-assurance,core.xml,200,oui
https://courtiark.fr/changelog,core.xml,200,oui
https://courtiark.fr/crm-courtier-assurance,core.xml,200,oui
https://courtiark.fr/logiciel-courtage-assurance,core.xml,200,oui
https://courtiark.fr/logiciel-courtier-assurance,core.xml,200,oui
https://courtiark.fr/tarifs,core.xml,200,oui
https://courtiark.fr/fonctionnalites,features-v2.xml,200,oui
https://courtiark.fr/fonctionnalites/assistant-ark,features-v2.xml,200,oui
https://courtiark.fr/fonctionnalites/automatisation-relances,features-v2.xml,200,oui
https://courtiark.fr/fonctionnalites/comparateur-devis-assurance,features-v2.xml,200,oui
https://courtiark.fr/fonctionnalites/compte-rendu-clients,features-v2.xml,200,oui
https://courtiark.fr/fonctionnalites/gestion-clients,features-v2.xml,200,oui
https://courtiark.fr/fonctionnalites/gestion-contrats,features-v2.xml,200,oui
https://courtiark.fr/fonctionnalites/gestion-documents-assurance,features-v2.xml,200,oui
https://courtiark.fr/fonctionnalites/gestion-portefeuille-assurance,features-v2.xml,200,oui
https://courtiark.fr/fonctionnalites/prospection-assurance,features-v2.xml,200,oui
https://courtiark.fr/fonctionnalites/relance-devis-assurance,features-v2.xml,200,oui
https://courtiark.fr/fonctionnalites/renouvellements-assurance,features-v2.xml,200,oui
https://courtiark.fr/fonctionnalites/reporting-courtier,features-v2.xml,200,oui
https://courtiark.fr/france,france.xml,200,oui
https://courtiark.fr/france/bordeaux,france.xml,200,oui
https://courtiark.fr/france/densite-courtage,france.xml,200,oui
https://courtiark.fr/france/lille,france.xml,200,oui
https://courtiark.fr/france/lyon,france.xml,200,oui
https://courtiark.fr/france/marseille,france.xml,200,oui
https://courtiark.fr/france/montpellier,france.xml,200,oui
https://courtiark.fr/france/nantes,france.xml,200,oui
https://courtiark.fr/france/nice,france.xml,200,oui
https://courtiark.fr/france/paris,france.xml,200,oui
https://courtiark.fr/france/strasbourg,france.xml,200,oui
https://courtiark.fr/france/toulouse,france.xml,200,oui
https://courtiark.fr/conformite/controle-acpr-courtier,resources.xml,200,oui
https://courtiark.fr/conformite/ipid-document-information,resources.xml,200,oui
https://courtiark.fr/conformite/lcb-ft-courtier,resources.xml,200,oui
https://courtiark.fr/glossaire,resources.xml,200,oui
https://courtiark.fr/guides,resources.xml,200,oui
https://courtiark.fr/guides/automatiser-renouvellements-assurance,resources.xml,200,oui
https://courtiark.fr/guides/automatiser-suivi-prospects-assurance,resources.xml,200,oui
https://courtiark.fr/guides/centraliser-documents-clients-assurance,resources.xml,200,oui
https://courtiark.fr/guides/comment-ne-plus-oublier-relances-courtier,resources.xml,200,oui
https://courtiark.fr/guides/devoir-de-conseil-suivi-dossier,resources.xml,200,oui
https://courtiark.fr/guides/donnees-clients-assurance-france-suisse,resources.xml,200,oui
https://courtiark.fr/guides/organiser-cabinet-courtage-25-points,resources.xml,200,oui
https://courtiark.fr/guides/organiser-portefeuille-assurance,resources.xml,200,oui
https://courtiark.fr/guides/reduire-saisie-manuelle-courtier,resources.xml,200,oui
https://courtiark.fr/solutions,solutions.xml,200,oui
https://courtiark.fr/solutions/cabinet-courtage-assurance,solutions.xml,200,oui
https://courtiark.fr/solutions/courtier-assurance-independant,solutions.xml,200,oui
https://courtiark.fr/solutions/equipe-commerciale-assurance,solutions.xml,200,oui
https://courtiark.fr/solutions/reseau-courtage,solutions.xml,200,oui
https://courtiark.fr/suisse,switzerland.xml,200,oui
https://courtiark.fr/suisse/crm-courtier-assurance,switzerland.xml,200,oui
https://courtiark.fr/suisse/fribourg,switzerland.xml,200,oui
https://courtiark.fr/suisse/geneve,switzerland.xml,200,oui
https://courtiark.fr/suisse/lausanne,switzerland.xml,200,oui
https://courtiark.fr/suisse/montreux,switzerland.xml,200,oui
https://courtiark.fr/suisse/neuchatel,switzerland.xml,200,oui
https://courtiark.fr/suisse/nyon,switzerland.xml,200,oui
https://courtiark.fr/suisse/sion,switzerland.xml,200,oui
https://courtiark.fr/suisse/suisse-romande,switzerland.xml,200,oui
https://courtiark.fr/suisse/valais,switzerland.xml,200,oui
https://courtiark.fr/suisse/vaud,switzerland.xml,200,oui
https://courtiark.fr/suisse/vevey,switzerland.xml,200,oui
https://courtiark.fr/outils,tools.xml,200,oui
https://courtiark.fr/outils/calculateur-productivite-courtier,tools.xml,200,oui
https://courtiark.fr/outils/calculateur-taux-transformation-assurance,tools.xml,200,oui
https://courtiark.fr/outils/checklist-dossier-courtier-assurance,tools.xml,200,oui
https://courtiark.fr/outils/checklist-renouvellement-assurance,tools.xml,200,oui
https://courtiark.fr/a-propos,trust.xml,200,oui
https://courtiark.fr/confidentialite,trust.xml,200,oui
https://courtiark.fr/contact,trust.xml,200,oui
https://courtiark.fr/demo,trust.xml,200,oui
https://courtiark.fr/mentions-legales,trust.xml,200,oui
https://courtiark.fr/securite,trust.xml,200,oui
