legacy_url,legacy_slug,legacy_topic,historic_title,historic_intent,historic_keyword,historic_content_found,current_equivalent,product_feature_exists,commercial_value,current_demand_signal,decision,destination,implementation,prod_test,final_status,notes
https://courtiark.fr/fr/comparateur-assurance-courtier,/fr/comparateur-assurance-courtier,comparateur de devis,"Comparateur pour courtier d&#x27;assurance : comparer des propositions, pas des",COMMERCIAL_SOFTWARE,comparateur de devis,oui,non (page creee),"oui — routes /quote-request, /submit, /manual-result, /results, /compare",haute,aucune donnee Search Console sur ces URL (hors top requetes),RESTORE,/fonctionnalites/comparateur-devis-assurance,page creee dans le moteur (contenu_restaure.py) + sitemap,a verifier apres deploiement,IMPLEMENTE — test production a suivre,"intention commerciale, aucune page equivalente, fonctionnalite reelle : page restauree"
https://courtiark.fr/fr/demo-et-essai-gratuit,/fr/demo-et-essai-gratuit,demonstration,Voir COURTIA : démonstration publique et essai gratuit — COURTIA,COMMERCIAL_SOFTWARE,demonstration,oui,oui,oui — demonstration publique et essai de 7 jours,faible,aucune donnee Search Console sur ces URL (hors top requetes),REDIRECT,/demo,regle de redirection permanente (seo/legacy_redirects.json),a verifier apres deploiement,IMPLEMENTE — test production a suivre,equivalent actuel exact
https://courtiark.fr/fr/densite-courtage-grandes-villes-france,/fr/densite-courtage-grandes-villes-france,densite du courtage,Densité du courtage dans les grandes villes de France (données sourcées),COMMERCIAL_SOFTWARE,densite du courtage,oui,non (page creee),non applicable (actif de donnees),haute,aucune donnee Search Console sur ces URL (hors top requetes),RESTORE,/france/densite-courtage,page creee dans le moteur (contenu_restaure.py) + sitemap,a verifier apres deploiement,IMPLEMENTE — test production a suivre,"actif de donnees unique (SIRENE) : page restauree, chiffres recalcules a chaque build"
https://courtiark.fr/fr/guide/audit-acpr,/fr/guide/audit-acpr,controle et preuves,Audit ACPR : la check-list — Guide COURTIA · courtiark.fr,INFORMATIONAL_SOFTWARE,controle et preuves,oui,non (page creee),"oui — conformite.js : /dashboard, /dda/checklist/:client_id, /kyc/:client_id, /mandats, /audit-logs",haute,aucune donnee Search Console sur ces URL (hors top requetes),RESTORE,/conformite/controle-acpr-courtier,page creee dans le moteur (contenu_restaure.py) + sitemap,a verifier apres deploiement,IMPLEMENTE — test production a suivre,"intention utile, aucune page equivalente : page restauree, sans reformuler les textes reglementaires"
https://courtiark.fr/fr/guide/devoir-de-conseil,/fr/guide/devoir-de-conseil,devoir de conseil,Devoir de conseil du courtier — Guide COURTIA · courtiark.fr,INFORMATIONAL_SOFTWARE,devoir de conseil,oui,oui,oui,faible,aucune donnee Search Console sur ces URL (hors top requetes),REDIRECT,/guides/devoir-de-conseil-suivi-dossier,regle de redirection permanente (seo/legacy_redirects.json),a verifier apres deploiement,IMPLEMENTE — test production a suivre,equivalent actuel exact : redirection vers le guide existant
https://courtiark.fr/fr/guide/ipid,/fr/guide/ipid,documents d information produit,IPID : le document d&#x27;information produit — Guide COURTIA · courtiark.fr,INFORMATIONAL_SOFTWARE,documents d information produit,oui,non (page creee),"oui — documents.client, collecte par lien, lecture assistee, transmissions",haute,aucune donnee Search Console sur ces URL (hors top requetes),RESTORE,/conformite/ipid-document-information,page creee dans le moteur (contenu_restaure.py) + sitemap,a verifier apres deploiement,IMPLEMENTE — test production a suivre,"intention utile pour la Suisse et la France, aucune page equivalente : page restauree"
https://courtiark.fr/fr/guide/lcb-ft,/fr/guide/lcb-ft,LCB-FT et verification client,LCB-FT : conformité du courtier — Guide COURTIA · courtiark.fr,INFORMATIONAL_SOFTWARE,LCB-FT et verification client,oui,non (page creee),"oui — KYC par client, checklist DDA, journal d audit, pieces du dossier",haute,aucune donnee Search Console sur ces URL (hors top requetes),RESTORE,/conformite/lcb-ft-courtier,page creee dans le moteur (contenu_restaure.py) + sitemap,a verifier apres deploiement,IMPLEMENTE — test production a suivre,"intention utile, aucune page equivalente : page restauree avec sources officielles"
https://courtiark.fr/fr/guide/reforme-courtage,/fr/guide/reforme-courtage,contexte reglementaire,Réforme du courtage : adhésion association — Guide COURTIA · courtiark.fr,INFORMATIONAL_SOFTWARE,contexte reglementaire,oui,oui,oui,faible,aucune donnee Search Console sur ces URL (hors top requetes),REDIRECT,/conformite/controle-acpr-courtier,regle de redirection permanente (seo/legacy_redirects.json),a verifier apres deploiement,IMPLEMENTE — test production a suivre,sujet date sans destination propre : rattache a la page controle
https://courtiark.fr/fr/guide/sanctions-acpr,/fr/guide/sanctions-acpr,sanctions de controle,Sanctions ACPR : ce qu&#x27;il faut retenir — Guide COURTIA · courtiark.fr,INFORMATIONAL_SOFTWARE,sanctions de controle,oui,oui,oui,faible,aucune donnee Search Console sur ces URL (hors top requetes),REDIRECT,/conformite/controle-acpr-courtier,regle de redirection permanente (seo/legacy_redirects.json),a verifier apres deploiement,IMPLEMENTE — test production a suivre,"sous-sujet de la page controle, desormais restauree"
https://courtiark.fr/fr/guide/structurer-pipeline-courtier,/fr/guide/structurer-pipeline-courtier,pipeline commercial,Structurer un pipeline commercial de courtage : méthode — COURTIA,INFORMATIONAL_SOFTWARE,pipeline commercial,oui,oui,"oui — opportunites.js, kanban.js",faible,aucune donnee Search Console sur ces URL (hors top requetes),REDIRECT,/guides/automatiser-suivi-prospects-assurance,regle de redirection permanente (seo/legacy_redirects.json),a verifier apres deploiement,IMPLEMENTE — test production a suivre,equivalent actuel : guide du suivi des prospects
https://courtiark.fr/fr/historique-corrections-courtia,/fr/historique-corrections-courtia,historique des corrections,Historique des corrections — COURTIA,COMMERCIAL_SOFTWARE,historique des corrections,oui,oui,oui,faible,aucune donnee Search Console sur ces URL (hors top requetes),REDIRECT,/changelog,regle de redirection permanente (seo/legacy_redirects.json),a verifier apres deploiement,IMPLEMENTE — test production a suivre,equivalent actuel : page de journal des versions
https://courtiark.fr/fr/mesurer-temps-administratif-cabinet,/fr/mesurer-temps-administratif-cabinet,mesure du temps,Mesurer le temps administratif d&#x27;un cabinet de courtage : la méthode,COMMERCIAL_SOFTWARE,mesure du temps,oui,oui,oui,faible,aucune donnee Search Console sur ces URL (hors top requetes),REDIRECT,/outils/calculateur-productivite-courtier,regle de redirection permanente (seo/legacy_redirects.json),a verifier apres deploiement,IMPLEMENTE — test production a suivre,la methode de mesure est portee par l outil de productivite
https://courtiark.fr/fr/methode-editoriale-courtia,/fr/methode-editoriale-courtia,methode editoriale,Notre méthode éditoriale — COURTIA,COMMERCIAL_SOFTWARE,methode editoriale,oui,oui,oui,faible,aucune donnee Search Console sur ces URL (hors top requetes),REDIRECT,/a-propos,regle de redirection permanente (seo/legacy_redirects.json),a verifier apres deploiement,IMPLEMENTE — test production a suivre,informations d entite : page a propos
https://courtiark.fr/fr/organisation-cabinet-courtage,/fr/organisation-cabinet-courtage,organisation du cabinet,Organiser un cabinet de courtage : méthodes et outils — COURTIA,COMMERCIAL_SOFTWARE,organisation du cabinet,oui,oui,oui,faible,aucune donnee Search Console sur ces URL (hors top requetes),REDIRECT,/guides/organiser-cabinet-courtage-25-points,regle de redirection permanente (seo/legacy_redirects.json),a verifier apres deploiement,IMPLEMENTE — test production a suivre,equivalent actuel exact (guide 25 points)
https://courtiark.fr/fr/partenaires-apporteurs-courtier-assurance,/fr/partenaires-apporteurs-courtier-assurance,apporteurs et partenaires,Partenaires et apporteurs d&#x27;affaires d&#x27;un cabinet de courtage — COURTIA,COMMERCIAL_SOFTWARE,apporteurs et partenaires,oui,oui,"oui — partners.js (CRUD + stats), table partners",moyenne,aucune donnee Search Console sur ces URL (hors top requetes),REDIRECT,/fonctionnalites/gestion-clients,regle de redirection permanente (seo/legacy_redirects.json),a verifier apres deploiement,IMPLEMENTE — test production a suivre,fonction reelle sans page dediee : RESTORE a envisager
https://courtiark.fr/fr/pipeline-kanban-courtier-assurance,/fr/pipeline-kanban-courtier-assurance,pipeline visuel,Pipeline visuel pour cabinet de courtage (Kanban) — COURTIA,COMMERCIAL_SOFTWARE,pipeline visuel,oui,oui,"oui — kanban_boards, kanban_cards",moyenne,aucune donnee Search Console sur ces URL (hors top requetes),REDIRECT,/fonctionnalites/prospection-assurance,regle de redirection permanente (seo/legacy_redirects.json),a verifier apres deploiement,IMPLEMENTE — test production a suivre,fonctionnalite couverte par la page prospection
https://courtiark.fr/fr/prioriser-dossiers-courtier-assurance,/fr/prioriser-dossiers-courtier-assurance,priorisation,Prioriser ses dossiers dans un cabinet de courtage — COURTIA,COMMERCIAL_SOFTWARE,priorisation,oui,oui,"oui — ark_actions, ark_recommendations, brief du matin",moyenne,aucune donnee Search Console sur ces URL (hors top requetes),REDIRECT,/fonctionnalites/assistant-ark,regle de redirection permanente (seo/legacy_redirects.json),a verifier apres deploiement,IMPLEMENTE — test production a suivre,la priorisation est le role d ARK
https://courtiark.fr/fr/reduire-double-saisie-cabinet-courtage,/fr/reduire-double-saisie-cabinet-courtage,double saisie,Réduire la double saisie dans un cabinet de courtage — COURTIA,COMMERCIAL_SOFTWARE,double saisie,oui,oui,"oui — import, docvision, lecture assistee",faible,aucune donnee Search Console sur ces URL (hors top requetes),REDIRECT,/guides/reduire-saisie-manuelle-courtier,regle de redirection permanente (seo/legacy_redirects.json),a verifier apres deploiement,IMPLEMENTE — test production a suivre,equivalent actuel exact
https://courtiark.fr/fr/rendez-vous-courtier-assurance,/fr/rendez-vous-courtier-assurance,agenda et rendez-vous,Rendez-vous et agenda d&#x27;un cabinet de courtage — COURTIA,COMMERCIAL_SOFTWARE,agenda et rendez-vous,oui,oui,"oui — calendar.js, appointments, calendar_events",moyenne,aucune donnee Search Console sur ces URL (hors top requetes),REDIRECT,/fonctionnalites/gestion-clients,regle de redirection permanente (seo/legacy_redirects.json),a verifier apres deploiement,IMPLEMENTE — test production a suivre,les rendez-vous vivent dans la fiche client
https://courtiark.fr/fr/sources-courtia,/fr/sources-courtia,sources,Nos sources — COURTIA,COMMERCIAL_SOFTWARE,sources,oui,oui,oui,faible,aucune donnee Search Console sur ces URL (hors top requetes),REDIRECT,/a-propos,regle de redirection permanente (seo/legacy_redirects.json),a verifier apres deploiement,IMPLEMENTE — test production a suivre,informations d entite : page a propos
https://courtiark.fr/landing,/landing,ancienne landing,COURTIA — CRM intelligent pour courtiers en assurance,COMMERCIAL_SOFTWARE,ancienne landing,oui,oui,oui,faible,aucune donnee Search Console sur ces URL (hors top requetes),REDIRECT,/,regle de redirection permanente (seo/legacy_redirects.json),a verifier apres deploiement,IMPLEMENTE — test production a suivre,l ancienne landing portait exactement l intention de l accueil actuel
