url,clics,impressions,ctr,position,source
"https://courtiark.fr/",15,288,5,2 %,7,5,"rapport Performances Search Console 26/09/2026"
"https://courtiark.fr/ch/fr/comparatif-logiciels-courtiers-assurance-suisse",0,18,0 %,17,6,"rapport Performances Search Console 26/09/2026"
"https://courtiark.fr/ch/fr/logiciel-courtier-assurance-lausanne",0,9,0 %,58,2,"rapport Performances Search Console 26/09/2026"
"https://courtiark.fr/ch/fr/logiciel-courtier-assurance-suisse",0,7,0 %,18,6,"rapport Performances Search Console 26/09/2026"
"https://courtiark.fr/fr/logiciel-courtier-iard-metz",0,6,0 %,56,3,"rapport Performances Search Console 26/09/2026"
"https://courtiark.fr/fr/logiciel-courtier-assurance-cergy",0,5,0 %,17,6,"rapport Performances Search Console 26/09/2026"
"https://courtiark.fr/fr/logiciel-courtier-iard-moulins",0,5,0 %,86,0,"rapport Performances Search Console 26/09/2026"
"https://courtiark.fr/fr/logiciel-courtier-iard-pessac",0,5,0 %,90,2,"rapport Performances Search Console 26/09/2026"
"https://courtiark.fr/fr/logiciel-courtier-mandataire",0,4,0 %,5,0,"rapport Performances Search Console 26/09/2026"
"https://courtiark.fr/fr/logiciel-courtier-emprunteur-bordeaux",0,4,0 %,5,8,"rapport Performances Search Console 26/09/2026"
"https://courtiark.fr/ch/fr/alternative-swiss-broker-software
"https://courtiark.fr/fr/logiciel-courtier-iard-nantes
"https://courtiark.fr/fr/logiciel-courtier-iard
"https://courtiark.fr/ch/fr/
"https://courtiark.fr/fr/logiciel-courtier-prevoyance-la-defense
"https://courtiark.fr/fr/logiciel-courtier-emprunteur
"https://courtiark.fr/fr/logiciel-courtier-assurance-bordeaux
"https://courtiark.fr/fr/logiciel-courtier-mutuelle-beauvais
"https://courtiark.fr/fr/logiciel-courtier-assurance-menton
"https://courtiark.fr/fr/logiciel-courtier-assurance-cahors
"https://courtiark.fr/fr/alternative-courtigo
"https://courtiark.fr/fr/logiciel-courtier-assurance-avignon
"https://courtiark.fr/fr/logiciel-courtier-sante-marseille
"https://courtiark.fr/fr/alternative-kase
"https://courtiark.fr/fr/logiciel-courtier-assurance-alencon
"https://courtiark.fr/fr/logiciel-courtier-assurance-saint-brieuc
"https://courtiark.fr/ch/fr/alternative-horizon-crm
"https://courtiark.fr/fr/alternative-lya
"https://courtiark.fr/fr/logiciel-courtier-assurance-tours
"https://courtiark.fr/fr/logiciel-courtier-grossiste
"https://courtiark.fr/ch/fr/methodologie-editoriale-crm-suisse
"https://courtiark.fr/fr/alternative-oggo-data
"https://courtiark.fr/fr/logiciel-courtier-assurance-bayeux
"https://courtiark.fr/fr/logiciel-courtier-assurance-nanterre
"https://courtiark.fr/tarifs
"https://courtiark.fr/fr/logiciel-courtier-emprunteur-angouleme
"https://courtiark.fr/fr/logiciel-courtier-iard-paris
"https://courtiark.fr/ch/fr/diagnostic-crm-courtier-assurance-suisse
"https://courtiark.fr/fr/logiciel-courtier-emprunteur-libourne
"https://courtiark.fr/fr/logiciel-courtier-sante-morlaix
"https://courtiark.fr/ch/fr/logiciel-courtier-assurance-neuchatel
"https://courtiark.fr/fonctionnalites
"https://courtiark.fr/fr/logiciel-courtier-assurance-merignac
"https://courtiark.fr/fr/logiciel-courtier-assurance-perigueux
"https://courtiark.fr/fr/logiciel-courtier-iard-villeurbanne
"https://courtiark.fr/fr/logiciel-courtier-sante-poissy
"https://courtiark.fr/ch/fr/logiciel-courtier-assurance-valais
"https://courtiark.fr/fr/logiciel-courtier-mutuelle-libourne
"https://courtiark.fr/fr/logiciel-courtier-mutuelle-sarcelles
"https://courtiark.fr/fr/logiciel-courtier-mutuelle-belfort
"https://courtiark.fr/fr/logiciel-courtier-mutuelle-compiegne
"https://courtiark.fr/fr/logiciel-courtier-assurance-arles
"https://courtiark.fr/fr/logiciel-courtier-mutuelle-cannes
"https://courtiark.fr/fr/logiciel-courtier-mutuelle-rennes
"https://courtiark.fr/fr/logiciel-courtier-assurance-mulhouse
"https://courtiark.fr/fr/logiciel-courtier-mutuelle-caen
"https://courtiark.fr/fr/logiciel-courtier-assurance-toulouse
"https://courtiark.fr/fr/logiciel-courtier-assurance-nimes
"https://courtiark.fr/fr/logiciel-courtier-assurance-lannion
"https://courtiark.fr/fr/logiciel-courtier-iard-haguenau
"https://courtiark.fr/fr/logiciel-courtier-assurance-libourne
"https://courtiark.fr/fr/logiciel-courtier-prevoyance-montbeliard
"https://courtiark.fr/fr/logiciel-courtier-assurance-cagnes-sur-mer
"https://courtiark.fr/fr/logiciel-courtier-prevoyance-moulins
"https://courtiark.fr/ch/fr/logiciel-courtier-assurance-geneve
"https://courtiark.fr/fr/logiciel-courtier-prevoyance-troyes
"https://courtiark.fr/fr/logiciel-courtier-iard-salon-de-provence
