source,expected_destination,action,confidence,etat
/ch,/suisse,REDIRECT_308,haute,a verifier en production
/ch/automatisation-courtier-assurance-suisse,/automatisation-courtier-assurance,REDIRECT_308,haute,a verifier en production
/ch/conformite-intermediaire-assurance-lsa-finma,/guides/devoir-de-conseil-suivi-dossier,REDIRECT_308,moyenne,a verifier en production
/ch/crm-courtier-assurance-suisse,/suisse,REDIRECT_308,moyenne,a verifier en production
/ch/gestion-cabinet-courtage-suisse,/suisse,REDIRECT_308,moyenne,a verifier en production
/ch/gestion-commissions-courtier-assurance-suisse,/crm-courtier-assurance,REDIRECT_308,moyenne,a verifier en production
/ch/gestion-documentaire-courtier-assurance-suisse,/fonctionnalites/gestion-documents-assurance,REDIRECT_308,haute,a verifier en production
/ch/gestion-portefeuille-assurance-suisse,/fonctionnalites/gestion-portefeuille-assurance,REDIRECT_308,haute,a verifier en production
/ch/glossaire,/glossaire,REDIRECT_308,haute,a verifier en production
/ch/ia-courtier-assurance-suisse,/fonctionnalites/assistant-ark,REDIRECT_308,moyenne,a verifier en production
/ch/import-portefeuille-courtier-assurance-suisse,/fonctionnalites/gestion-portefeuille-assurance,REDIRECT_308,haute,a verifier en production
/ch/logiciel-courtier-assurance-suisse,/suisse,REDIRECT_308,moyenne,a verifier en production
/ch/logiciel-devis-courtier-assurance-suisse,/fonctionnalites/relance-devis-assurance,REDIRECT_308,haute,a verifier en production
/ch/logiciel-intermediaire-assurance-suisse,/suisse,REDIRECT_308,moyenne,a verifier en production
/ch/logiciel-prospection-courtier-assurance-suisse,/fonctionnalites/prospection-assurance,REDIRECT_308,haute,a verifier en production
/ch/nlpd-courtier-assurance,/guides/donnees-clients-assurance-france-suisse,REDIRECT_308,haute,a verifier en production
/ch/outils/calculateur-temps-administratif-suisse,/outils/calculateur-productivite-courtier,REDIRECT_308,moyenne,a verifier en production
/ch/partenaires-apporteurs-courtier-assurance-suisse,/suisse,REDIRECT_308,moyenne,a verifier en production
/ch/portail-client-assurance-suisse,/fonctionnalites/gestion-clients,REDIRECT_308,haute,a verifier en production
/ch/relances-courtier-assurance-suisse,/fonctionnalites/relance-devis-assurance,REDIRECT_308,haute,a verifier en production
/ch/reporting-pilotage-courtier-assurance-suisse,/fonctionnalites/reporting-courtier,REDIRECT_308,haute,a verifier en production
/ch/sinistres-courtier-assurance-suisse,/crm-courtier-assurance,REDIRECT_308,faible,a verifier en production
/ch/tarifs-logiciel-courtier-chf,/tarifs,REDIRECT_308,haute,a verifier en production
/ch/workflows-courtier-assurance-suisse,/automatisation-courtier-assurance,REDIRECT_308,moyenne,a verifier en production
/fr,/france,REDIRECT_308,haute,a verifier en production
/fr/alternative-courtigo,/comparatifs/crm-assurance-vs-crm-generaliste,REDIRECT_308,moyenne,a verifier en production
/fr/alternative-kase,/comparatifs/crm-assurance-vs-crm-generaliste,REDIRECT_308,moyenne,a verifier en production
/fr/alternative-lya,/comparatifs/crm-assurance-vs-crm-generaliste,REDIRECT_308,moyenne,a verifier en production
/fr/alternative-oggo-data,/comparatifs/crm-assurance-vs-crm-generaliste,REDIRECT_308,moyenne,a verifier en production
/fr/automatisation-courtier-assurance,/automatisation-courtier-assurance,REDIRECT_308,haute,a verifier en production
/fr/cartographie-courtiers-assurance-france,/france,REDIRECT_308,moyenne,a verifier en production
/fr/checklists,/outils/checklist-dossier-courtier-assurance,REDIRECT_308,moyenne,a verifier en production
/fr/checklists/collecte-documentaire,/fonctionnalites/gestion-documents-assurance,REDIRECT_308,haute,a verifier en production
/fr/checklists/onboarding-client,/fonctionnalites/gestion-clients,REDIRECT_308,haute,a verifier en production
/fr/checklists/organisation-cabinet,/outils/checklist-dossier-courtier-assurance,REDIRECT_308,moyenne,a verifier en production
/fr/checklists/preparation-audit,/outils/checklist-dossier-courtier-assurance,REDIRECT_308,moyenne,a verifier en production
/fr/checklists/renouvellement,/fonctionnalites/renouvellements-assurance,REDIRECT_308,haute,a verifier en production
/fr/checklists/suivi-sinistre,/crm-courtier-assurance,REDIRECT_308,faible,a verifier en production
/fr/comparatif/automatisation-vs-gestion-manuelle,/automatisation-courtier-assurance,REDIRECT_308,haute,a verifier en production
/fr/comparatif/crm-courtier-vs-excel,/comparatifs/crm-assurance-vs-crm-generaliste,REDIRECT_308,haute,a verifier en production
/fr/comparatif/crm-specialise-vs-crm-generaliste,/comparatifs/crm-assurance-vs-crm-generaliste,REDIRECT_308,haute,a verifier en production
/fr/conformite-courtier-assurance,/guides/devoir-de-conseil-suivi-dossier,REDIRECT_308,moyenne,a verifier en production
/fr/courtia-logiciel-courtage-assurance,/fonctionnalites/assistant-ark,REDIRECT_308,moyenne,a verifier en production
/fr/crm-courtier-assurance,/crm-courtier-assurance,REDIRECT_308,haute,a verifier en production
/fr/dicter-compte-rendu-appel-assurance,/fonctionnalites/compte-rendu-clients,REDIRECT_308,haute,a verifier en production
/fr/evaluer-crm-courtier-assurance,/crm-courtier-assurance,REDIRECT_308,haute,a verifier en production
/fr/gagner-du-temps-courtier-assurance,/automatisation-courtier-assurance,REDIRECT_308,moyenne,a verifier en production
/fr/gain-de-temps/commissions-et-pilotage,/crm-courtier-assurance,REDIRECT_308,moyenne,a verifier en production
/fr/gain-de-temps/documents-et-pieces,/fonctionnalites/gestion-documents-assurance,REDIRECT_308,haute,a verifier en production
/fr/gain-de-temps/relances-et-suivi-client,/fonctionnalites/relance-devis-assurance,REDIRECT_308,haute,a verifier en production
/fr/gain-de-temps/renouvellements-et-echeances,/fonctionnalites/renouvellements-assurance,REDIRECT_308,haute,a verifier en production
/fr/gain-de-temps/sinistres-et-conformite,/crm-courtier-assurance,REDIRECT_308,faible,a verifier en production
/fr/gain-de-temps/temps-administratif-et-double-saisie,/automatisation-courtier-assurance,REDIRECT_308,moyenne,a verifier en production
/fr/gestion-commissions-courtier-assurance,/crm-courtier-assurance,REDIRECT_308,moyenne,a verifier en production
/fr/gestion-documentaire-courtier-assurance,/fonctionnalites/gestion-documents-assurance,REDIRECT_308,haute,a verifier en production
/fr/gestion-portefeuille-courtier,/fonctionnalites/gestion-portefeuille-assurance,REDIRECT_308,haute,a verifier en production
/fr/gestion-prospects-clients-courtier-assurance,/fonctionnalites/prospection-assurance,REDIRECT_308,haute,a verifier en production
/fr/gestion-taches-cabinet-courtage,/automatisation-courtier-assurance,REDIRECT_308,moyenne,a verifier en production
/fr/glossaire,/glossaire,REDIRECT_308,haute,a verifier en production
/fr/glossaire/commissions,/crm-courtier-assurance,REDIRECT_308,moyenne,a verifier en production
/fr/glossaire/courtier-assurance,/glossaire,REDIRECT_308,haute,a verifier en production
/fr/glossaire/dda,/guides/devoir-de-conseil-suivi-dossier,REDIRECT_308,haute,a verifier en production
/fr/glossaire/devoir-de-conseil,/glossaire,REDIRECT_308,haute,a verifier en production
/fr/glossaire/echeance-contrat,/fonctionnalites/renouvellements-assurance,REDIRECT_308,moyenne,a verifier en production
/fr/glossaire/finma,/suisse,REDIRECT_308,haute,a verifier en production
/fr/glossaire/intermediaire-assurance,/glossaire,REDIRECT_308,haute,a verifier en production
/fr/glossaire/logiciel-courtier,/glossaire,REDIRECT_308,haute,a verifier en production
/fr/glossaire/nlpd,/guides/donnees-clients-assurance-france-suisse,REDIRECT_308,haute,a verifier en production
/fr/glossaire/onboarding-client,/fonctionnalites/gestion-clients,REDIRECT_308,haute,a verifier en production
/fr/glossaire/pipeline,/glossaire,REDIRECT_308,haute,a verifier en production
/fr/glossaire/portefeuille,/fonctionnalites/gestion-portefeuille-assurance,REDIRECT_308,haute,a verifier en production
/fr/glossaire/prospect,/fonctionnalites/prospection-assurance,REDIRECT_308,haute,a verifier en production
/fr/glossaire/relance,/fonctionnalites/relance-devis-assurance,REDIRECT_308,haute,a verifier en production
/fr/glossaire/sinistre,/crm-courtier-assurance,REDIRECT_308,faible,a verifier en production
/fr/guide/automatiser-relances-courtier,/fonctionnalites/relance-devis-assurance,REDIRECT_308,haute,a verifier en production
/fr/guide/centraliser-dossiers-clients,/fonctionnalites/gestion-clients,REDIRECT_308,haute,a verifier en production
/fr/guide/choisir-crm-cabinet-courtage,/crm-courtier-assurance,REDIRECT_308,moyenne,a verifier en production
/fr/guide/conformite-2026,/guides/devoir-de-conseil-suivi-dossier,REDIRECT_308,moyenne,a verifier en production
/fr/guide/dda-15h,/guides/devoir-de-conseil-suivi-dossier,REDIRECT_308,haute,a verifier en production
/fr/guide/integrer-ia-cabinet-courtage,/fonctionnalites/assistant-ark,REDIRECT_308,moyenne,a verifier en production
/fr/guide/onboarding-client-courtier,/fonctionnalites/gestion-clients,REDIRECT_308,haute,a verifier en production
/fr/guide/organiser-renouvellements-courtier,/fonctionnalites/renouvellements-assurance,REDIRECT_308,haute,a verifier en production
/fr/guide/rgpd-courtier,/guides/donnees-clients-assurance-france-suisse,REDIRECT_308,haute,a verifier en production
/fr/guide/suivre-prospects-courtier,/fonctionnalites/prospection-assurance,REDIRECT_308,haute,a verifier en production
/fr/guide/verification-orias,/france,REDIRECT_308,moyenne,a verifier en production
/fr/ia-courtier-assurance,/fonctionnalites/assistant-ark,REDIRECT_308,moyenne,a verifier en production
/fr/ia-gestion-documentaire-assurance,/fonctionnalites/gestion-documents-assurance,REDIRECT_308,haute,a verifier en production
/fr/import-portefeuille-courtier-assurance,/fonctionnalites/gestion-portefeuille-assurance,REDIRECT_308,haute,a verifier en production
/fr/logiciel-courtier-assurance,/crm-courtier-assurance,REDIRECT_308,haute,a verifier en production
/fr/logiciel-courtier-assurance-bordeaux,/crm-courtier-assurance,REDIRECT_308,haute,a verifier en production
/fr/logiciel-courtier-assurance-lille,/crm-courtier-assurance,REDIRECT_308,haute,a verifier en production
/fr/logiciel-courtier-assurance-lyon,/crm-courtier-assurance,REDIRECT_308,haute,a verifier en production
/fr/logiciel-courtier-assurance-marseille,/crm-courtier-assurance,REDIRECT_308,haute,a verifier en production
/fr/logiciel-courtier-assurance-montpellier,/crm-courtier-assurance,REDIRECT_308,haute,a verifier en production
/fr/logiciel-courtier-assurance-nantes,/crm-courtier-assurance,REDIRECT_308,haute,a verifier en production
/fr/logiciel-courtier-assurance-nice,/crm-courtier-assurance,REDIRECT_308,haute,a verifier en production
/fr/logiciel-courtier-assurance-paris,/crm-courtier-assurance,REDIRECT_308,haute,a verifier en production
/fr/logiciel-courtier-assurance-strasbourg,/crm-courtier-assurance,REDIRECT_308,haute,a verifier en production
/fr/logiciel-courtier-assurance-toulouse,/crm-courtier-assurance,REDIRECT_308,haute,a verifier en production
/fr/logiciel-courtier-auto,/crm-courtier-assurance,REDIRECT_308,moyenne,a verifier en production
/fr/logiciel-courtier-decennale,/crm-courtier-assurance,REDIRECT_308,moyenne,a verifier en production
/fr/logiciel-courtier-emprunteur,/crm-courtier-assurance,REDIRECT_308,moyenne,a verifier en production
/fr/logiciel-courtier-entreprise,/crm-courtier-assurance,REDIRECT_308,moyenne,a verifier en production
/fr/logiciel-courtier-equipe,/crm-courtier-assurance,REDIRECT_308,moyenne,a verifier en production
/fr/logiciel-courtier-grossiste,/crm-courtier-assurance,REDIRECT_308,moyenne,a verifier en production
/fr/logiciel-courtier-habitation,/crm-courtier-assurance,REDIRECT_308,moyenne,a verifier en production
/fr/logiciel-courtier-iard,/crm-courtier-assurance,REDIRECT_308,moyenne,a verifier en production
/fr/logiciel-courtier-mandataire,/crm-courtier-assurance,REDIRECT_308,moyenne,a verifier en production
/fr/logiciel-courtier-multi-agences,/crm-courtier-assurance,REDIRECT_308,moyenne,a verifier en production
/fr/logiciel-courtier-mutuelle,/crm-courtier-assurance,REDIRECT_308,moyenne,a verifier en production
/fr/logiciel-courtier-prevoyance,/crm-courtier-assurance,REDIRECT_308,moyenne,a verifier en production
/fr/logiciel-courtier-renouvellements,/fonctionnalites/renouvellements-assurance,REDIRECT_308,haute,a verifier en production
/fr/logiciel-courtier-sante,/crm-courtier-assurance,REDIRECT_308,moyenne,a verifier en production
/fr/logiciel-courtier-tns,/crm-courtier-assurance,REDIRECT_308,moyenne,a verifier en production
/fr/logiciel-courtier-transport-flotte,/crm-courtier-assurance,REDIRECT_308,moyenne,a verifier en production
/fr/logiciel-devis-courtier-assurance,/fonctionnalites/relance-devis-assurance,REDIRECT_308,haute,a verifier en production
/fr/logiciel-gestion-cabinet-courtage,/crm-courtier-assurance,REDIRECT_308,moyenne,a verifier en production
/fr/outil-courtier-assurance,/outils,REDIRECT_308,moyenne,a verifier en production
/fr/outils,/outils,REDIRECT_308,moyenne,a verifier en production
/fr/outils/calculateur-manipulations-administratives,/outils/calculateur-productivite-courtier,REDIRECT_308,moyenne,a verifier en production
/fr/outils/calculateur-roi-courtia,/outils/calculateur-productivite-courtier,REDIRECT_308,moyenne,a verifier en production
/fr/outils/calculateur-temps-administratif,/outils/calculateur-productivite-courtier,REDIRECT_308,moyenne,a verifier en production
/fr/outils/diagnostic-automatisation-cabinet,/automatisation-courtier-assurance,REDIRECT_308,haute,a verifier en production
/fr/portail-client-courtier-assurance,/fonctionnalites/gestion-clients,REDIRECT_308,haute,a verifier en production
/fr/relance-client-assurance,/fonctionnalites/relance-devis-assurance,REDIRECT_308,haute,a verifier en production
/fr/reporting-pilotage-cabinet-courtage,/fonctionnalites/reporting-courtier,REDIRECT_308,haute,a verifier en production
/fr/sante-portefeuille-courtier-assurance,/fonctionnalites/gestion-portefeuille-assurance,REDIRECT_308,haute,a verifier en production
/fr/sinistres-courtier-assurance,/crm-courtier-assurance,REDIRECT_308,faible,a verifier en production
/fr/tarifs-logiciel-courtier,/tarifs,REDIRECT_308,haute,a verifier en production
/fr/workflows-courtier-assurance,/automatisation-courtier-assurance,REDIRECT_308,moyenne,a verifier en production
/fr/workflows/collecte-de-pieces,/automatisation-courtier-assurance,REDIRECT_308,moyenne,a verifier en production
/fr/workflows/mandat-et-kyc,/automatisation-courtier-assurance,REDIRECT_308,moyenne,a verifier en production
/fr/workflows/nouveau-prospect,/fonctionnalites/prospection-assurance,REDIRECT_308,haute,a verifier en production
/fr/workflows/relance-de-devis,/fonctionnalites/relance-devis-assurance,REDIRECT_308,haute,a verifier en production
/fr/workflows/renouvellement,/fonctionnalites/renouvellements-assurance,REDIRECT_308,haute,a verifier en production
/fr/workflows/sinistre,/automatisation-courtier-assurance,REDIRECT_308,moyenne,a verifier en production
